year_month,partner_group,diversion_pp,others_pp,residual_pp
2025-01,China,0.17578166730499536,0.0028495965241685435,0.06803654150392231
2025-01,Canada,0.0026799806135261294,2.7354905507425423e-4,-0.0061022312266448605
2025-01,Mexico,0.010133431575877542,7.391229022258916e-4,-0.010742899311023067
2025-01,EU,0.05665246476521089,0.003427060585882278,-0.001331215889199685
2025-01,Japan,0.014138232822171658,0.0031276403860482755,-0.0034721253095332926
2025-01,S. Korea,0.00411536905307513,0.0074164983946590195,-0.006847348331349749
2025-01,UK,0.004267511412930255,5.185107545679849e-4,7.901071678148191e-4
2025-01,ROW,0.10525665134793422,0.028311743592382976,0.04167423491245427
2025-02,China,0.5467427439280229,0.004432348002407485,0.8440334108158944
2025-02,Canada,0.00301023246641197,2.7916215312488176e-4,-0.006192599155609041
2025-02,Mexico,0.006718230009340643,7.504002423388175e-4,-0.00957555534761861
2025-02,EU,0.037933939499001756,0.003888280491635497,0.00338209319613372
2025-02,Japan,0.018207421561070497,0.003327596783541391,-0.00405195156023745
2025-02,S. Korea,7.834307249152111e-4,0.006560562615619228,-0.006449388396085565
2025-02,UK,0.002054431824089093,5.487179225548774e-4,-0.0016038490408232797
2025-02,ROW,0.11003972053425336,0.02689238358326333,0.03935928676102057
2025-03,China,1.7821738451482243,0.003967607473566154,0.42937707099017003
2025-03,Canada,0.05154390529309765,7.208802617873155e-4,0.056772937930841795
2025-03,Mexico,0.10998285772558966,0.0012364988749708967,-0.140981456849541
2025-03,EU,0.033024019286319165,0.004884049749491124,0.011620977075514965
2025-03,Japan,0.015412017956641474,0.003429931248619151,-0.004089874289331079
2025-03,S. Korea,0.009861343915279375,0.008741877347483044,0.010651523763712476
2025-03,UK,0.004211065387581496,5.673795660223491e-4,-0.0036617770563227947
2025-03,ROW,0.0967012420329282,0.03041450723244078,0.07420468848349786
2025-04,China,3.9754241701228827,0.03244743518366307,6.012209490565999
2025-04,Canada,0.12004819478094106,0.0012099603778403978,0.1524579961324294
2025-04,Mexico,0.18607788142655154,0.0010894635026877262,0.07801076437902955
2025-04,EU,0.14895162074530766,0.08776090109049157,0.5153415787485786
2025-04,Japan,0.012719703326215241,0.028973626403748308,0.12836911792063352
2025-04,S. Korea,0.15242889699822393,0.06181727261423933,0.07422800127491196
2025-04,UK,0.04507610785262323,0.013383351755722105,0.032531248206542004
2025-04,ROW,-0.14805518188942618,0.38104651131623185,0.8554311537030547
2025-05,China,4.602784814776168,0.022581026638053284,1.754123458116773
2025-05,Canada,0.12471199630157492,0.002032200175828609,0.1986358361057495
2025-05,Mexico,0.09893739830606565,0.0011672148607912807,0.07555191354802222
2025-05,EU,0.12160299083995285,0.035766568106338326,0.18991423994606024
2025-05,Japan,0.10272464991004449,0.013066366587029038,0.027036770782407783
2025-05,S. Korea,0.03766775737297719,0.06517681399548438,-0.023657547203654577
2025-05,UK,0.08938159482711036,0.004248278584994025,0.015355606142652448
2025-05,ROW,0.0360415997606634,0.216890369687474,0.48990812358179714
2025-06,China,2.8684551209506366,0.00941615392859345,0.1965221059953294
2025-06,Canada,0.2065398591628029,0.0030280791198803534,0.22325420091271314
2025-06,Mexico,0.1178533337278263,9.780574855603416e-4,0.20460337072017282
2025-06,EU,0.1701525502096301,0.015539036081970692,0.18365197893645346
2025-06,Japan,0.083763223563907,0.0064343195540407785,-0.0018680564517699007
2025-06,S. Korea,0.07833901410177585,0.060041350643843416,-0.014748972885573681
2025-06,UK,0.054463878967882476,0.006031048285429402,0.012674479490253762
2025-06,ROW,-0.2565037830871538,0.1709550577925276,0.26842792285234046
2025-07,China,2.0522477695406165,0.008983619384852424,0.2656106652316351
2025-07,Canada,0.234412254694794,0.0016688391613872906,0.15758515718243954
2025-07,Mexico,0.21201843107989843,0.002081534486980486,0.07065599428601373
2025-07,EU,0.2354243443678572,0.02481447337311702,0.15630094124941457
2025-07,Japan,0.15258086305139612,0.010227382661958804,0.012602666114420985
2025-07,S. Korea,0.12386605422580832,0.058803325382442796,-0.0024224541576705746
2025-07,UK,0.025703908677540712,0.025298653740434947,0.0013521457740295585
2025-07,ROW,-0.07103499045481343,0.19052211560789786,0.17914010230509095
2025-08,China,2.080133181268144,0.008134401973206636,0.30807941816800233
2025-08,Canada,0.2524861038532177,0.004352089149490437,0.1236663895086432
2025-08,Mexico,0.13625902284671285,0.01469518141961759,0.12254937567418686
2025-08,EU,0.3569618440093747,0.04442249376182534,0.3152655236595087
2025-08,Japan,0.11629768412478309,0.011304239282876785,0.032589817487833475
2025-08,S. Korea,0.11273655118648045,0.06705483401861699,0.0394568676960038
2025-08,UK,0.014426867310679837,0.027843751124728863,0.014700257306544468
2025-08,ROW,-0.20949395484850786,0.2788516760881691,1.2413044234218382
2025-09,China,2.605358631575229,0.006364601986123018,0.1728947994802234
2025-09,Canada,0.274746203712238,0.002056359239605252,0.14100280758428074
2025-09,Mexico,0.20269307864656533,0.019473683215896005,0.1347035178586043
2025-09,EU,0.46420260243683714,0.07163506939866901,0.2465593885501638
2025-09,Japan,0.2281091641808883,0.01840922917632844,-0.043000403231465506
2025-09,S. Korea,0.17819416708304409,0.054036793791760865,-0.021508621430275654
2025-09,UK,0.03355357658960891,0.024304105046932614,0.01874417681218705
2025-09,ROW,0.08955498191081601,0.2325039727050134,0.7607517662157366
2025-10,China,2.5208640872522725,0.006228771585817861,0.18589732902074899
2025-10,Canada,0.29775606109212915,0.0025624954943185437,0.13774304078529945
2025-10,Mexico,0.10586586699003205,0.005596464864354619,0.20014952362357652
2025-10,EU,0.25527353551286397,0.0430530882447725,0.021465814372392648
2025-10,Japan,0.09658497124122997,0.02616852234107679,-0.055676550719035316
2025-10,S. Korea,0.2517200817305432,0.05138490242206161,-0.0250133548422464
2025-10,UK,0.028006434242119994,0.02369586097230151,0.02573369548961201
2025-10,ROW,0.4262360859847487,0.1684047547373155,0.2668330749015344
2025-11,China,2.26857037540721,0.005554475048209225,0.12723639145122634
2025-11,Canada,0.33152151461191504,0.0017773157543288808,0.18126646945061203
2025-11,Mexico,0.22494919396258362,8.344953842639251e-4,0.2837410365907406
2025-11,EU,0.16566740809046787,0.04369966086351512,0.08352232738603331
2025-11,Japan,0.06746884779554436,0.022826467940395497,-0.015824233348200212
2025-11,S. Korea,0.18697663674105466,0.05433676111134341,0.046905889358418856
2025-11,UK,0.013777337854135228,0.02176954644986706,0.02679534996175586
2025-11,ROW,0.41649496582372825,0.2147951811250335,0.20879316945314716
2025-12,China,2.152030052266457,0.005717354508882494,0.16988018799995563
2025-12,Canada,0.28408148313226333,0.0025383453756653513,0.24912095945582352
2025-12,Mexico,0.28830345388652323,9.801536548227875e-4,0.2768935666689887
2025-12,EU,0.18293818767708606,0.04046564450044233,0.05877796533861742
2025-12,Japan,0.11602533475782967,0.025166893086966808,-0.00878428913297793
2025-12,S. Korea,0.12584098323736878,0.05434759749701756,0.015373171260387166
2025-12,UK,-2.8188054242006023e-4,0.019393040209838834,0.020058642691294887
2025-12,ROW,0.43772289614067983,0.18910517657952627,0.15786491122113747
2026-01,China,2.031330557446202,0.005994415028246393,0.1880181311654588
2026-01,Canada,0.3144100589630593,6.06819100624736e-4,0.2633024925045273
2026-01,Mexico,0.3571690368769325,8.43115164933729e-4,0.22515798947452353
2026-01,EU,0.3146899690095154,0.03234631776928136,0.06782264597536031
2026-01,Japan,0.09841274861149393,0.024684373727992575,0.0013569414682140018
2026-01,S. Korea,0.05654345163886841,0.05966894872688079,-0.035024638137108106
2026-01,UK,0.03135557984232518,0.024836308643413373,0.023756979782557208
2026-01,ROW,0.1318615202246134,0.19376594816511303,0.22311898214432563
2026-02,China,1.8469691817626859,0.006484692717326032,0.10837432555795845
2026-02,Canada,0.21167399875390092,0.002206938657451924,0.24320987637002986
2026-02,Mexico,0.2528879904697837,0.0011458724762528562,0.2837185392030713
2026-02,EU,0.24723512475906018,0.007554074037025332,0.08151836590034639
2026-02,Japan,0.10121175941808305,0.020609139285698998,0.036944045198744
2026-02,S. Korea,0.07567815821626961,0.05555204577858876,-0.02105362892645275
2026-02,UK,0.008210454897001396,0.014876872213996887,0.03276198922704937
2026-02,ROW,0.2236988033030235,0.1296994509243754,0.06705943320815039
2026-03,China,1.5897309147454601,0.003145898789582971,0.06593869152275982
2026-03,Canada,0.24509699237295016,0.0026857870028997558,0.11625904640614171
2026-03,Mexico,0.22869579679158447,0.0015113698509504202,0.26042901379390543
2026-03,EU,0.08701608948043019,0.004686846288937073,0.14988376833146108
2026-03,Japan,0.07089158580003552,0.00506570310713435,0.06628594692536378
2026-03,S. Korea,0.12025972749284368,0.049684160940963396,-0.019498099192718076
2026-03,UK,0.0030359181873834415,9.288468069114722e-4,0.017910028502511346
2026-03,ROW,0.09738303883482513,0.08095582564379708,0.29074501951292625
