hs2,stat_num,cens_num,total_val,s2,s4,gap_pp,gap_usd
85,60569413824.56117,50056468280,627320521586,9.655257837162537,7.979408700586835,1.6758491365757022,10512945544.561172
87,59065068044.07343,52658095212,408363018150,14.463863136200459,12.894922623149391,1.5689405130510679,6406972832.073433
84,56171176302.48759,49777239922,838679520195,6.697573381716454,5.935192015947448,0.7623813657690066,6393936380.487587
30,6583564599.390378,878344644,253314988366,2.5989637020128358,0.3467401000097678,2.252223602003068,5705219955.390378
73,21046696207.05744,15476834475,50377650944,41.77784357284351,30.72162791433867,11.05621565850484,5569861732.057442
90,17330244836.20186,11873143375,152555914428,11.359929833714187,7.782814202594306,3.577115631119881,5457101461.2018585
27,3881920633.2061877,300252211,260641040981,1.4893742821911031,0.11519759507939026,1.374176687111713,3581668422.2061877
94,13905293924.31835,11243393133,75097653746,18.51628277409266,14.971696946788922,3.5445858273037363,2661900791.31835
39,12879814967.745451,10613600746,84885355709,15.17318842592759,12.503453225059276,2.6697352008683133,2266214221.745451
76,11458887640.772112,9340398153,32017419131,35.78954191744129,29.17286404248746,6.6166778749538295,2118489487.772112
95,9241248766.542192,7147027859,41275762240,22.38904447798804,17.31531405148437,5.073730426503669,2094220907.5421925
72,7896484820.766139,5949061300,30955448875,25.509191782850987,19.218139346073364,6.291052436777623,1947423520.766139
71,3821337876.8186603,2225488438,167883870177,2.276179285591774,1.325611826588026,0.9505674590037483,1595849438.8186603
64,9373433841.701834,7939008746,33175514733,28.254072068331737,23.930325753478037,4.3237463148537,1434425095.7018337
61,15426151455.933823,14076249439,54746710550,28.177312026528362,25.7115894226087,2.4657226039196622,1349902016.9338226
63,5333457916.537203,4125265419,18369671386,29.034040971478504,22.456936394322064,6.57710457715644,1208192497.5372028
15,2230254958.0737424,1158235548,18687403455,11.934536349280862,6.197947996301769,5.736588352979092,1072019410.0737424
62,11345389856.396719,10329853854,42712653255,26.562128530539397,24.184528627452508,2.377599903086889,1015536002.396719
29,4352855500.655598,3342254057,99139298955,4.390645835241773,3.3712706184427144,1.0193752167990584,1010601443.6555977
88,2561198973.763565,1733495339,42456081734,6.032584424088496,4.083031848913578,1.949552575174918,827703634.7635651
02,2263251150.665907,1490382038,23277915134,9.722739934557865,6.40255808744285,3.3201818471150144,772869112.6659069
40,5756840863.930881,5154390614,42651216013,13.497483546954928,12.084979270998868,1.41250427595606,602450249.9308805
83,4129334548.064769,3566227188,17766822828,23.241828817908043,20.07239686309996,3.1694319548080827,563107360.0647688
82,3132082207.240853,2590141513,13535066123,23.140501707032946,19.13652648211743,4.003975224915518,541940694.2408528
03,2525422690.5636997,2052997357,24772926300,10.194284922099412,8.287262199621528,1.9070227224778833,472425333.5636997
96,2114771239.0923808,1705923652,9779135810,21.62533868207298,17.444523576976483,4.180815105096496,408847587.09238076
48,2242434691.5372686,1864876714,22952567639,9.769864212172157,8.124915448811414,1.644948763360743,377557977.53726864
38,2701722772.575932,2336042420,26489630091,10.199171386292244,8.818705327235518,1.380466059056726,365680352.575932
70,2092788560.542041,1749779865,10612472679,19.72008431817458,16.487956369136015,3.232127949038567,343008695.54204106
44,1883933320.320006,1547677871,25691859035,7.33280265065103,6.024001100471552,1.3088015501794779,336255449.3200059
42,4001433905.411627,3690083583,16485798151,24.272005933597498,22.383408732783533,1.8885972008139653,311350322.4116268
33,2491526082.2238164,2180187885,24579857677,10.136454470015915,8.86981492590194,1.2666395441139748,311338197.2238164
09,1417795381.751534,1111021685,19068440048,7.4352982109841745,5.826494890002971,1.6088033209812034,306773696.751534
69,1575658671.088083,1288939043,8404730342,18.74728405281754,15.335876233398377,3.411407819419164,286719628.088083
49,521060530.4011458,239993782,6185579565,8.423794810586125,3.879891600747682,4.543903209838444,281066748.4011458
21,967920532.7600503,1247883088,14009479284,6.909040037380238,8.907419488640004,-1.9983794512597663,-279962555.2399497
10,515936265.34286183,250989929,3694575601,13.96469638361751,6.793471188735866,7.171225194881643,264946336.34286183
19,684281400.7384003,946883728,19115487757,3.579722418999326,4.953489756771996,-1.3737673377726702,-262602327.26159966
08,1231676684.8615391,993387569,30205139520,4.077705663455049,3.2888031135967424,0.7889025498583067,238289115.86153913
28,1129545341.4187624,935750878,23640236923,4.778062694963129,3.9582973768320895,0.8197653181310396,193794463.41876245
24,633512768.7970996,440744401,4203907436,15.06961745570412,10.484160455715609,4.585456999988512,192768367.7970996
68,1408702120.2719133,1217817843,10797650188,13.046376718496386,11.278545070421206,1.7678316480751803,190884277.2719133
20,1755197288.6579318,1569962417,18454323177,9.511035825174396,8.507287977684689,1.0037478474897075,185234871.6579318
07,627362178.9029909,467562454,17514560116,3.5819465333296012,2.669564356188824,0.9123821771407772,159799724.90299094
22,1546074111.356748,1391066379,31627265506,4.888421703935937,4.3983137863629125,0.49010791757302474,155007732.3567481
16,1099384990.797508,944704240,8630571845,12.738263588344045,10.94602138730009,1.7922422010439547,154680750.797508
93,531889815.55730855,381053523,4655402739,11.425215934627403,8.18518921698817,3.240026717639232,150836292.55730855
67,679965235.2346963,530445430,2487834187,27.331613931017028,21.32157491732386,6.0100390136931665,149519805.23469627
31,204811871.92258322,56172984,11344137581,1.805442418695779,0.49517192116995,1.310270497525829,148638887.92258322
89,280000791.5054013,135344715,3137091287,8.9254907138251,4.314337793129066,4.611152920696035,144656076.5054013
97,198667131.1608862,57605520,11953550475,1.6619926571304848,0.4819113795560394,1.1800812775744454,141061611.1608862
18,858621193.6690252,724422657,16539983679,5.191185253460522,4.379826915547466,0.811358337913056,134198536.66902518
65,884749713.3775244,757264353,3656073938,24.19944805223259,20.712501055551684,3.4869469966809064,127485360.37752438
56,634434122.5527112,509634041,3465947982,18.304779120966945,14.704030286857318,3.600748834109627,124800081.55271125
98,0,121340508,149110122258,0,0.08137643921319358,-0.08137643921319358,-121340508
34,768144805.7985301,649636970,7567240266,10.150923966955883,8.584859832174912,1.5660641347809712,118507835.7985301
25,350169888.7673965,244997807,6360385829,5.5054818714111144,3.8519330994503416,1.6535487719607729,105172081.76739651
57,763236481.7970192,664829076,3885542927,19.642981589353038,17.11032636855488,2.5326552207981585,98407405.79701924
23,523331394.8751151,428248057,6422165166,8.148831139468628,6.66828158309001,1.4805495563786177,95083337.8751151
81,391516891.1765199,300797201,4768851578,8.209877887219074,6.307539584323796,1.902338302895278,90719690.17651987
36,246238939.2865961,166168301,1389743527,17.718300859306403,11.956760205870705,5.7615406534356985,80070638.28659609
13,325875858.1176449,247265820,2012768505,16.190429118307616,12.284861343257157,3.905567775050459,78610038.1176449
35,595074522.3573006,517404396,4653401547,12.787946974851957,11.118842652501487,1.6691043223504707,77670126.35730064
66,204580363.0093385,132611093,662098024,30.898802834871248,20.028921427501498,10.86988140736975,71969270.0093385
32,711235468.0115857,642218284,5940524454,11.972603993451816,10.810801116517045,1.1618028769347717,69017184.01158571
59,457535306.43777674,390736169,3228975556,14.169673895102623,12.100933011832314,2.0687408832703085,66799137.437776744
92,325309947.4020691,261609240,1714571116,18.97325484876937,15.257998782244735,3.715256066524633,63700707.40206909
12,313222192.61754924,251243215,3195265555,9.802696746986003,7.862983863949924,1.939712883036079,61978977.61754924
54,397170360.03096694,345791774,2041720012,19.45273385658361,16.936297433910834,2.5164364226727756,51378586.03096694
91,1117302023.521943,1070010436,8411574651,13.282911581710971,12.720691195111645,0.5622203865993267,47291587.52194309
75,213693846.66026342,170110399,4248723138,5.029601593688579,4.00380051782042,1.0258010758681584,43583447.66026342
55,308816319.8583443,270623285,1784216409,17.30823224697427,15.167626731539604,2.1406055154346664,38193034.85834432
26,100212929.85774574,62348584,4213687329,2.3782716189700874,1.4796680230850607,0.8986035958850267,37864345.85774574
17,588854408.3858134,626671905,7681562057,7.665815937127088,8.158131124240946,-0.49231518711385736,-37817496.614186645
05,169514731.52840662,133578226,1341632385,12.634961217666687,9.956395469687473,2.6785657479792135,35936505.52840662
04,544235091.727659,579314904,4802338134,11.332710786742343,12.063184387174184,-0.7304736004318411,-35079812.27234101
58,221975468.9853529,191236901,895427585,24.789885045294078,21.357048208426594,3.4328368368674838,30738567.985352904
01,81455428.31101248,51802567,4415628161,1.8447076008448458,1.1731641594628375,0.6715434413820083,29652861.311012477
11,145909801.52800032,117202505,2723119431,5.358185904994203,4.303979607569405,1.0542062974247983,28707296.528000325
47,106501950.56235889,77851196,4715188242,2.258699867244004,1.6510729159559183,0.6076269512880859,28650754.562358886
60,212482411.06760442,183950520,886217787,23.976319837462757,20.756807491159055,3.219512346303702,28531891.067604423
74,1468483311.659084,1441209512,32955983015,4.455892913255539,4.373134648552373,0.08275826470316616,27273799.65908408
37,193491000.0326179,169726499,1847463739,10.473331408244647,9.187000286775318,1.2863311214693294,23764501.032617897
46,165822340.18143335,144546377,707703769,23.4310381610294,20.424700747919854,3.006337413109545,21275963.18143335
52,163322989.890713,144952514,888018960,18.391835900746194,16.32313278536305,2.068703115383144,18370475.890713006
78,44199046.65003274,29379056,1514501286,2.9183895093789136,1.9398501851123553,0.9785393242665583,14819990.650032736
86,352704082.4163442,345276167,2069154816,17.045804387811657,16.686821320961997,0.3589830668496603,7427915.416344225
14,11933775.183134262,18894552,245132527,4.868295256114363,7.707892637193757,-2.8395973810793933,-6960776.8168657385
79,86890542.16079965,80137874,3110211460,2.7937181531959134,2.576605321877375,0.21711283131853865,6752668.160799652
45,26207009.1563421,19484951,321320027,8.156045983508553,6.0640325416131,2.0920134418954532,6722058.1563421
06,315013601.5490853,309246230,4465732533,7.054018556222505,6.924871288524166,0.12914726769833873,5767371.549085319
53,47342845.474684045,41767475,303272044,15.610685657094079,13.772279979753096,1.8384056773409831,5575370.474684045
41,45676599.583359875,40915695,457154128,9.991509818185405,8.950087616839806,1.0414222013455987,4760904.583359875
51,39533168.94732361,34906814,307387652,12.861013996529572,11.355958436482673,1.5050555600468982,4626354.947323613
80,12073039.920188613,8234545,1420984818,0.8496248353434985,0.5794956353995332,0.27012919994396534,3838494.9201886132
50,14462771.287509436,11841280,70692422,20.458729349391135,16.750423404647247,3.7083059447438877,2621491.287509436
43,28887474.603754748,26677115,201213670,14.356616329176216,13.258102692525812,1.098513636650404,2210359.6037547477
99,0,0,38686106146,0,0,0,0
