ym,partner_group,nbothpos,valbothpos,nbothzero,valbothzero,nimpfriction,valimpfriction,ntrackermiss,valtrackermiss,n_total,val_total,pct_n_bothzero,pct_val_bothzero,pct_n_bothpos,pct_val_bothpos,pct_n_trackermiss,pct_val_trackermiss,pct_n_impfriction,pct_val_impfriction
2025m1,Canada,1970,8156725699,4838,19625012574,848,1562031991,326,9033533964,7982,38377304228,60.61137559508894,51.13702738839492,24.68053119518918,21.25403506859367,4.08418942620897,23.53874026776782,10.6239037835129,4.070197275243592
2025m1,China,10353,27107817306,426,12278247709,278,262230504,102,1507831737,11159,41156127256,3.817546375123219,29.83334081126402,92.77713056725513,65.86581175965252,.9140603996773904,3.663687128822789,2.49126265794426,.6371603002606868
2025m1,EU,9072,6741626838,6636,11113012359,84,14129300,636,271786127,16428,18140554624,40.39444850255661,61.2605986384642,55.22279035792549,37.16328953405212,3.871439006574142,1.498223911194128,.5113221329437546,.0778879162895433
2025m1,Japan,3144,6632269309,2486,6250023861,63,55310201,229,91845053,5922,13029448424,41.9790611279973,47.96844545995956,53.09017223910841,50.90214944773474,3.86693684566025,.7049036153427887,1.063829787234043,.4245014769629054
2025m1,Mexico,1686,18289624004,3870,20280453325,746,1912551457,238,1799611259,6540,42282240045,59.1743119266055,47.96447232553429,25.77981651376147,43.25604316264886,3.63914373088685,4.25618712983209,11.40672782874618,4.523297381984768
2025m1,ROW,52183,29444280320,40567,110651566190,7604,4222989456,2994,6707884897,103348,151026720863,39.25281572938034,73.26621776445423,50.49251074041103,19.49607337810745,2.897008166582808,4.441521909943926,7.357665363625808,2.796186947494395
2025m1,S. Korea,1647,5640842864,1999,4508380135,882,478471855,61,279196865,4589,10906891719,43.56068860318152,41.3351507574456,35.89017215079538,51.71815224106012,1.329265635214644,2.559820636282967,19.21987361080846,4.386876365211305
2025m1,UK,2953,1597578037,2224,4387296559,17,1394894,170,248689578,5364,6234959068,41.46159582401193,70.36608438244842,55.05219985085756,25.62291138684986,3.169276659209545,3.988632087039068,.3169276659209545,.0223721436626439
2025m2,Canada,1901,7265949724,4764,17819943780,856,1723860742,289,8161211242,7810,34970965488,60.99871959026889,50.95639634574793,24.34058898847631,20.77709214660731,3.700384122919334,23.33710587658912,10.96030729833547,4.92940563105565
2025m2,China,10254,33101909249,44,713762176,405,84030582,2,186819403,10705,34086521410,.4110228865016347,2.093971888227359,95.78701541335825,97.11143255377434,.018682858477347,.5480741221813047,3.783278841662775,.2465214358169968
2025m2,EU,9567,6096610042,6667,9609301489,78,34978290,564,305240862,16876,16046130683,39.50580706328514,59.88547444138997,56.68997392747096,37.9942689140568,3.342024176345106,1.902270821733903,.4621948328987912,.2179858228193143
2025m2,Japan,3111,5620928612,2362,5505592404,62,52125623,235,118594452,5770,11297241091,40.93587521663778,48.73395512808925,53.91681109185442,49.75487879494702,4.072790294627383,1.049764726137241,1.074523396880416,.4614013508264962
2025m2,Mexico,1679,17838253348,3947,20398585888,756,1924016604,219,1401993460,6601,41562849300,59.79397061051356,49.07889192284033,25.43554006968641,42.91874510152989,3.317679139524315,3.373188998377934,11.45281018027572,4.629173977251844
2025m2,ROW,52494,27125018159,39597,102606224572,7739,4087699425,2868,5659685136,102698,139478627292,38.55673917700442,73.5641198684819,51.11491947262849,19.44743699134168,2.792654189955014,4.057743645663639,7.535687160412081,2.930699494512774
2025m2,S. Korea,1584,4200456084,1943,3909832295,847,954680470,62,279460447,4436,9344429296,43.80072137060414,41.84131712220941,35.70784490532011,44.95144594649625,1.397655545536519,2.990663615161886,19.09377817853922,10.21657331613246
2025m2,UK,2996,1708185043,2252,3767145557,27,2708220,174,91278697,5449,5569317517,41.3286841622316,67.64106276040141,54.9825656083685,30.67135313772055,3.193246467241696,1.638956599643985,.4955037621581942,.0486275022340408
2025m3,Canada,3818,25525170801,1592,3225917275,1881,5008105147,651,1945973147,7942,35705166370,20.04532863258625,9.034875349889036,48.07353311508436,71.4887322929452,8.196927726013598,5.450116453273369,23.68421052631579,14.02627590389239
2025m3,China,10265,26845153386,48,1067969837,336,36765431,0,0,10649,27949888654,.4507465489717344,3.821016427724335,96.39402760822612,96.04744304467239,0,0,3.155225842802141,.1315405276032768
2025m3,EU,10676,8764352115,6197,11281358128,454,216816537,629,389195368,17956,20651722148,34.51214078859434,54.62671852329049,59.4564490977946,42.43884385132877,3.503007351303185,1.884566164559266,2.528402762307864,1.049871460821477
2025m3,Japan,3467,7774000300,2232,5714495060,197,241912048,229,147050670,6125,13877458078,36.44081632653061,41.17825489279781,56.60408163265306,56.01890675010692,3.738775510204082,1.059636924669368,3.216326530612245,1.743201432425902
2025m3,Mexico,3217,40114812092,1460,1879973796,1478,3584186358,569,1829522397,6724,47408494643,21.71326591314694,3.965478782139698,47.84354550862582,84.6152412011316,8.4622248661511,3.859060302962255,21.98096371207615,7.560219713766456
2025m3,ROW,57450,36774514258,38423,126087087856,8671,4771886265,3118,7714708838,107662,175348197217,35.68854377589121,71.90669186063116,53.36144600694767,20.9722796365509,2.896100759785254,4.39965107166329,8.053909457375861,2.721377431154659
2025m3,S. Korea,1858,4598182242,1730,3657075062,1052,2839865169,82,1253201294,4722,12348323767,36.63701821262177,29.61596351865399,39.34773401101228,37.23729899509364,1.736552308343922,10.14875636277929,22.27869546802203,22.99798112347308
2025m3,UK,3222,2354388285,2068,4446267201,118,46911532,181,265043442,5589,7112610460,37.00125246018966,62.51245201751144,57.64895330112721,33.10160591867982,3.238504204687779,3.72638770941492,2.111290033995348,.6595543543938156
2025m4,Canada,3626,21101796272,1813,3665986641,1843,4285430236,265,467118693,7547,29520331842,24.02279051278654,12.41851433317638,48.04558102557308,71.48224615137102,3.51132900490261,1.582362608591709,24.42029945673778,14.51687690686089
2025m4,China,10160,23599942990,46,935194900,313,31757470,1,58414414,10520,24625309774,.4372623574144487,3.797698013071907,96.57794676806084,95.83612635369725,.0095057034220532,.2372129103597119,2.975285171102662,.1289627228711263
2025m4,EU,13916,10843208159,888,2600470438,1682,447148417,1272,2761078176,17758,16651905190,5.000563126478207,15.61665412052469,78.36468070728687,65.11692226972137,7.162968802793107,16.58115479577745,9.471787363441829,2.685268813976474
2025m4,Japan,4822,10452146123,251,707026504,567,282551278,455,2248847458,6095,13690571363,4.118129614438064,5.164331606428076,79.11402789171453,76.34558007745291,7.465135356849877,16.4262498501539,9.302707136997538,2.063838465965126
2025m4,Mexico,3207,34761919233,1750,2993487090,1463,3542669724,201,458654519,6621,41756730566,26.43105271107083,7.168873255698369,48.43679202537381,83.24866138180019,3.035795197100136,1.09839662440779,22.09636006645522,8.484068738093645
2025m4,ROW,77880,59891130369,7073,22888258505,15688,7435677256,7161,41812808681,107802,132027874811,6.561102762471939,17.33592889968494,72.24355763343908,45.36248913703648,6.642733901040796,31.66968243702756,14.55260570304818,5.631899526251021
2025m4,S. Korea,3118,6332206019,209,560131000,1079,496043792,342,2180223411,4748,9568604222,4.401853411962932,5.853842284668382,65.66975568660489,66.17690388365193,7.203032855939343,22.78517702704498,22.72535804549284,5.184076804634715
2025m4,UK,4376,2724968595,261,840734543,466,72985908,481,1266765748,5584,4905454794,4.674068767908309,17.13876854044861,78.36676217765043,55.54976468915759,8.613896848137536,25.82361475534168,8.345272206303726,1.487852015052124
2025m5,Canada,3608,19775994555,1935,4006077014,1854,5969266036,220,459034178,7617,30210371783,25.40370224497834,13.26060150062206,47.36773007745831,65.46094399979665,2.888276224235264,1.519458884178009,24.34029145332808,19.75899561540328
2025m5,China,10091,17971540205,44,1202550511,146,132759117,1,57526976,10282,19364376809,.4279323088893211,6.210117283201644,98.14238475004863,92.80722215985465,.0097257342929391,.2970763095937233,1.419957206769111,.6855842473499969
2025m5,EU,14848,11511769516,663,1925790402,415,176804480,1470,3536480548,17396,17150844946,3.811220970338009,11.22854534609469,85.35295470223041,67.12071359892289,8.450218441020924,20.6198619317866,2.385605886410669,1.030879123195823
2025m5,Japan,5068,9472080192,184,1092178168,140,36981475,491,1362096484,5883,11963336319,3.127655957844637,9.129377782896718,86.14652388237293,79.17590828702673,8.346081930987591,11.38559050485555,2.379738228794833,.3091234252209942
2025m5,Mexico,3125,38015764580,1829,3237923231,1470,4483858641,176,632862998,6600,46370409450,27.71212121212121,6.982735907241381,47.34848484848485,81.98280979380051,2.666666666666667,1.364799244833927,22.27272727272727,9.669655054124176
2025m5,ROW,86029,60523156562,5497,30125804985,6201,2181075223,8539,39431102894,106266,132261139664,5.172868085747088,22.77751806882389,80.95627952496565,45.76034707984126,8.035495831216005,29.81306753757899,5.835356558071255,1.649067313755852
2025m5,S. Korea,3996,8048964896,158,332199829,220,120832865,403,2828151535,4777,11330149125,3.307515176889261,2.931998734835716,83.65082687879422,71.04023792802462,8.436257065103622,24.96129136340913,4.605400879212896,1.066471973730531
2025m5,UK,4782,2433897283,216,1097798179,123,8381691,498,1213323642,5619,4753400795,3.844100373731981,23.09500558326052,85.10411105178858,51.20328345886936,8.862786972770955,25.52538055020038,2.189001601708489,.1763304076697366
2025m6,Canada,3512,19703383614,1984,4041532608,1974,5540073844,195,451639736,7665,29736629802,25.88388780169602,13.59109164323718,45.81865622961514,66.25963918976052,2.544031311154598,1.518799336062031,25.75342465753425,18.63046983094026
2025m6,China,10011,16306019387,50,1246031553,166,15928720,0,0,10227,17567979660,.4889019262735895,7.092628618173161,97.88794367849809,92.81670233331771,0,0,1.623154395228317,.0906690485091329
2025m6,EU,14778,10258398756,666,2090417258,278,135059344,1457,2103133930,17179,14587009288,3.876826357762384,14.33067750028569,86.02363350602479,70.32557910578058,8.481285290179871,14.41785556227857,1.618254846032947,.9258878316551601
2025m6,Japan,5171,9324419919,214,900144398,101,27744052,484,1247517172,5970,11499825541,3.584589614740368,7.82746133661542,86.61641541038526,81.08314239860346,8.107202680067003,10.8481399787524,1.69179229480737,.2412562860287308
2025m6,Mexico,3052,37173607970,1869,3085802031,1487,4293439068,130,315878603,6538,44868727672,28.58672376873661,6.877400343414846,46.68094218415418,82.84970378867666,1.988375650045886,.7040061516991081,22.74395839706332,9.568889716209378
2025m6,ROW,87618,61243854982,5308,20547618395,4684,1698790985,8720,40406998344,106330,123897262706,4.99200601899746,16.58440061243172,82.40195617417474,49.43116066036714,8.200884040252046,32.61330998077264,4.405153766575755,1.371128746428497
2025m6,S. Korea,3914,7272295241,157,1160977219,149,101023356,379,2468515878,4599,11002811694,3.413785605566427,10.55164126486958,85.10545770819743,66.09488050191473,8.240921939552075,22.43531877716419,3.239834746684061,.9181594560514887
2025m6,UK,4781,2627026576,218,1428073485,94,77845836,494,1027007703,5587,5159953600,3.901915160193306,27.67609160283922,85.573653123322,50.91182556370274,8.841954537318776,19.9034290347107,1.682477179165921,1.508653798747338
2025m7,Canada,3667,13839114993,2248,4300872198,1813,13701710542,28,260843625,7756,32102541358,28.98401237751418,13.39729509273949,47.279525528623,43.10909481797544,.3610108303249098,.8125326343828457,23.3754512635379,42.68107745490222
2025m7,China,10700,23634950203,46,1432301282,176,10534843,1,40026146,10923,25117812474,.4211297262656779,5.702332890185428,97.95843632701639,94.09637175795088,.0091549940492539,.1593536301834881,1.611278952668681,.0419417216802014
2025m7,EU,15329,10633783500,686,2338312688,485,178063944,1501,2800065647,18001,15950225779,3.810899394478084,14.66006011700858,85.15638020109994,66.66854530674038,8.338425643019832,17.55502201534071,2.694294761402144,1.116372560910318
2025m7,Japan,5219,9820350955,215,970737863,199,108338082,507,1359789051,6140,12259215951,3.501628664495114,7.918433502436309,85,80.10586479797627,8.257328990228013,11.09197404169294,3.241042345276873,.8837276578944897
2025m7,Mexico,3135,38217627892,2095,2869974550,1339,3762985717,28,265100304,6597,45115688463,31.75685917841443,6.361367071575791,47.52160072760346,84.71028414726023,.424435349401243,.587601149470239,20.29710474458087,8.340747631693743
2025m7,ROW,90043,63889469398,5496,30258824765,5586,3123243964,8699,43973151164,109824,141244689291,5.004370629370629,21.42298228477753,81.98845425407926,45.23318343415477,7.920855186480187,31.13260497419774,5.08631993006993,2.211229306869954
2025m7,S. Korea,3964,7743137364,183,797168668,213,146517247,385,2045242901,4745,10732066180,3.856691253951528,7.427914202444845,83.54056902002107,72.14954915606009,8.113804004214963,19.05730794701454,4.488935721812434,1.365228694480525
2025m7,UK,4737,2818838474,232,1757092491,214,56875820,503,998471127,5686,5631277912,4.08019697502638,31.20237570331443,83.30988392543088,50.05681690816895,8.846289131199438,17.7308089318821,3.7636299683433,1.009998456634509
2025m8,Canada,3547,19602738949,2089,3840758307,1953,5615904833,29,312844970,7618,29372247059,27.42189551063271,13.07614735530814,46.56077710685219,66.73898292365578,.380677343134681,1.065103971689972,25.63665003938042,19.1197657493461
2025m8,China,10491,21726783193,46,1391350810,176,13276074,1,111905045,10714,23243315122,.4293447825275341,5.986025671024329,97.91861116296434,93.4754060638941,.0093335822288594,.4814504489253381,1.642710472279261,.0571178161562422
2025m8,EU,14376,9962444167,641,1738863437,1155,422869157,1212,1963440236,17384,14087616997,3.687298665439485,12.34320493927608,82.69673262770364,70.71773862904941,6.971928209848135,13.93734821452145,6.644040497008744,3.001708217153059
2025m8,Japan,4968,8983988023,196,1022265333,275,149944178,429,1172559033,5868,11328756567,3.340149965916837,9.023632266737893,84.66257668711657,79.30250747173638,7.310838445807772,10.35028889591992,4.686434901158828,1.323571365605812
2025m8,Mexico,3216,39082899571,1871,2531907518,1342,3089054961,29,259133119,6458,44962995169,28.97181790027872,5.631091764424178,49.79869928770518,86.92236676871993,.449055435119232,.5763253049001967,20.78042737689687,6.870216161955703
2025m8,ROW,86812,55016449174,5238,21209535769,7156,6369155256,7248,37678765534,106454,120273905733,4.920435117515547,17.63436186738938,81.54883799575403,45.74263123718026,6.808574595599977,31.32746484315919,6.722152291130441,5.29554205227117
2025m8,S. Korea,3752,6912180552,183,903289577,290,488352501,309,1667014036,4534,9970836666,4.036171151301279,9.059315755117796,82.7525363917071,69.32397735056831,6.815174239082487,16.71889824135246,6.396118217909132,4.897808652961441
2025m8,UK,4661,2691060746,214,1592962606,266,181589354,450,730096671,5591,5195709377,3.827580039348954,30.6591937773043,83.36612412806296,51.79390436872004,8.048649615453407,14.05191510964683,4.75764621713468,3.494986744328829
2025m9,Canada,3805,15940732484,2278,4167842580,1954,11531980866,26,286305508,8063,31926861438,28.25251147215677,13.05434481273298,47.19087188391418,49.92890552350697,.3224606225970482,.8967543162862647,24.23415602133201,36.11999534747378
2025m9,China,10381,21843198652,44,1271261548,157,11961523,2,170391867,10584,23296813590,.4157218442932729,5.456804395540515,98.08201058201058,93.76045598517406,.018896447467876,.7313955891081154,1.483371126228269,.0513440301773046
2025m9,EU,14123,9448293396,679,1975822528,1685,502019383,1172,2831434476,17659,14757569783,3.845064839458633,13.38853589753003,79.97621609377654,64.02336926018791,6.636842403307096,19.18631941189717,9.541876663457726,3.401775430384899
2025m9,Japan,5155,7900370810,186,818634572,273,269041398,443,1253171136,6057,10241217916,3.070827142149579,7.993527515131141,85.10813934290903,77.14288353982917,7.313851741786364,12.2365439958284,4.507181773155027,2.627044949211292
2025m9,Mexico,3255,37937863341,1894,2680748313,1324,3441600974,27,223032620,6500,44283245248,29.13846153846154,6.053640147615588,50.07692307692307,85.67091939295804,.4153846153846154,.5036501248970071,20.36923076923077,7.771790334529369
2025m9,ROW,90084,54671781892,5310,23319633274,6566,7705755913,7223,52248010890,109183,137945181969,4.863394484489344,16.90500019003241,82.50735004533672,39.63297674599917,6.615498749805372,37.87592298927957,6.013756720368556,5.586100074688865
2025m9,S. Korea,4017,6704170840,174,1117689894,190,179411040,308,1668666609,4689,9669938383,3.710812539987205,11.5583972692621,85.66858605246321,69.3300264641407,6.568564725954361,17.25622793971013,4.052036681595223,1.855348326887059
2025m9,UK,4911,2391700286,230,1635345070,281,207526472,435,955115734,5857,5189687562,3.926925046952365,31.51143590944368,83.84838654601332,46.08563150337874,7.427010414888167,18.40410858244264,4.79767799214615,3.99882400473495
2025m10,Canada,3933,19707911256,2268,4104112425,1934,6987930155,31,323800865,8166,31123754701,27.77369581190301,13.18643095740674,48.16311535635563,63.32112383396592,.3796228263531717,1.040365688878779,23.6835660053882,22.45207951974856
2025m10,China,10456,21849250137,45,1359884992,161,28065068,2,174102794,10664,23411302991,.4219804951237809,5.808668541527911,98.04951237809453,93.32778335917271,.018754688672168,.7436698165280688,1.509752438109528,.1198782827713137
2025m10,EU,14733,9727798414,679,3148074481,1699,621727240,1174,2203711293,18285,15701311428,3.713426305715067,20.04975505030789,80.57424118129614,61.95532429636743,6.420563303254033,14.03520529546432,9.291769209734756,3.959715357860361
2025m10,Japan,5402,9208152770,203,1121537527,304,250801439,465,1300936231,6374,11881427967,3.184813304047693,9.439416963306158,84.75054910574208,77.50038796325768,7.295262001882648,10.94932557444507,4.769375588327581,2.110869498991089
2025m10,Mexico,3350,41665737089,1986,2970017848,1307,3617641266,32,246350469,6675,48499746672,29.75280898876404,6.123780126288079,50.187265917603,85.90918499179413,.4794007490636704,.5079417644509547,19.58052434456929,7.45909311746683
2025m10,ROW,91886,53550628887,5347,23700103452,6666,6639362045,7051,46832726624,110950,130722821008,4.819287967552952,18.13004284121867,82.81748535376295,40.96501932414907,6.355114916629113,35.82597610950724,6.00811176205498,5.078961725125013
2025m10,S. Korea,4063,5868003835,163,1194451225,183,154179543,305,1582028012,4714,8798662615,3.457785320322444,13.57537249994896,86.19007212558337,66.69199731554885,6.470089096308867,17.98032361535208,3.882053457785321,1.752306569150112
2025m10,UK,5063,2444828332,234,1435341236,283,201805989,420,1051501226,6000,5133476783,3.9,27.96041156265224,84.38333333333333,47.62519507434578,7.000000000000001,20.48321771868428,4.716666666666667,3.931175644317704
2025m11,Canada,3872,17042464346,2197,3839812992,1988,7138993315,31,277797892,8088,28299068545,27.16369930761622,13.56869038249117,47.87339268051434,60.22270421692425,.3832838773491593,.9816503025824238,24.57962413452028,25.22695509800215
2025m11,China,10198,18381280081,48,1435013970,158,10300773,2,205994173,10406,20032588997,.4612723428791082,7.163397453094565,98.00115318085719,91.75688715898232,.0192196809532962,1.028295309362404,1.518354795310398,.0514200785607023
2025m11,EU,14482,9823215371,688,5359463428,1747,407051089,1106,1455156457,18023,17044886345,3.817344504244576,31.44323358643082,80.35288242800866,57.63145128791999,6.136603229207124,8.537202463816135,9.693169838539644,2.388112661833064
2025m11,Japan,5278,9099101175,205,1059889579,342,214154499,406,1131827280,6231,11504972533,3.290001604878832,9.212447713020541,84.70550473439256,79.08842154034545,6.515808056491734,9.837722573900558,5.48868560423688,1.861408172733445
2025m11,Mexico,3208,39047964900,1882,2835794352,1333,2498421450,28,193127144,6451,44575307846,29.17377150829329,6.361805423301126,49.72872422880174,87.59998929206273,.4340412339172222,.4332603706680411,20.66346302898776,5.604944913968099
2025m11,ROW,89659,51157109995,5159,23920700832,6833,4976448688,6883,42883977450,108534,122938236965,4.753349180901837,19.45749461073703,82.60913630751654,41.61204134525226,6.341791512337148,34.88253818233044,6.295722999244477,4.047925861680263
2025m11,S. Korea,3908,6124758732,169,599646155,233,105255099,297,1665848754,4607,8495508740,3.668330800955069,7.058390184176304,84.82743650965922,72.09407840595077,6.446711525938789,19.60858148678686,5.057521163446928,1.238949923086066
2025m11,UK,4933,2550120719,225,1516524456,293,100157871,427,751368272,5878,4918171318,3.827832596121129,30.83512870830011,83.92310309629126,51.85099408121106,7.264375637972099,15.27739119721327,4.984688669615515,2.036486013275554
2025m12,Canada,3892,12643937982,2128,3583519502,1966,15289314872,42,286247513,8028,31803019869,26.50722471350274,11.26785920570089,48.48031888390633,39.757035759754,.523168908819133,.9000639378872943,24.4892874937718,48.07504109665781
2025m12,China,10456,18087521515,47,1438203984,177,18264850,3,261074087,10683,19805064436,.4399513245343069,7.261799064817747,97.87512870916409,91.32775898533309,.02808199943836,1.318218821471952,1.656837966863241,.0922231283772027
2025m12,EU,14859,10627907635,732,6121612017,1789,508384687,1202,1629564806,18582,18887469145,3.939296092993219,32.41097031054872,79.96448175653859,56.26962275045453,6.468625551609083,8.627756283754872,9.62759659885911,2.691650655241878
2025m12,Japan,5328,9212321988,215,1391229797,325,228383045,434,1133770711,6302,11965705541,3.41161536020311,11.62680957034258,84.54458901935892,76.98937564888553,6.886702634084417,9.475168071913362,5.157092986353538,1.908646708858536
2025m12,Mexico,3311,34899198100,1924,3278231370,1321,3725626591,29,230324617,6585,42133380678,29.21791951404708,7.780603685836519,50.28094153378891,82.83028216205462,.4403948367501898,.5466559134198892,20.06074411541382,8.842458238688975
2025m12,ROW,91659,53517870856,6132,27880021617,6874,6403068559,7514,48549169623,112179,136350130655,5.466263739202525,20.4473743318541,81.70780627390153,39.25032605316208,6.698223375141516,35.60625089963542,6.127706611754428,4.696048715348406
2025m12,S. Korea,3963,6944038086,216,2082557364,404,403239009,306,2111989383,4889,11541823842,4.418081407240745,18.04357259744079,81.05952137451422,60.16413160570918,6.258948660257721,18.29857578760298,8.263448557987319,3.493720009247045
2025m12,UK,5040,3139298360,219,1483722909,268,128506331,444,945095582,5971,5696623182,3.667727348852789,26.0456565512042,84.40797186400938,55.10805717182507,7.435940378496064,16.59045283153503,4.488360408641769,2.255833445435711
2026m1,Canada,3724,11294291896,1881,3672965906,2143,12863393396,191,431568597,7939,28262219795,23.69316034765084,12.99602767454877,46.90767099130873,39.96250817495279,2.405844564806651,1.527015924900389,26.99332409623378,45.51444822559805
2026m1,China,10495,18859283356,49,1301305182,164,16619893,2,295272746,10710,20472481177,.4575163398692811,6.356362820652943,97.99253034547152,92.12016459044368,.0186741363211951,1.442290963401773,1.531279178338002,.0811816255016113
2026m1,EU,14259,9367916221,732,2993200178,1755,303936238,1119,1365183909,17865,14030236546,4.097397145256087,21.33392525625918,79.81528127623847,66.76948168540166,6.263643996641479,9.730298591360613,9.823677581863979,2.166294466978547
2026m1,Japan,5373,8920967613,226,853808737,344,170332593,409,1134590892,6352,11079699835,3.557934508816121,7.706063789768723,84.58753148614609,80.51632937581292,6.438916876574307,10.24026741605315,5.415617128463476,1.537339418365209
2026m1,Mexico,3134,35416995962,1640,3043692743,1424,3379588773,161,373503901,6359,42213781379,25.79021858782827,7.21018739276965,49.28447869161818,83.89913152774041,2.531844629658751,.8847913851797371,22.39345809089479,8.005889694310202
2026m1,ROW,87941,51080763374,6068,24370123816,7090,6987683865,6963,44394922899,108062,126833493954,5.615294923284782,19.21426514106641,81.38013362699191,40.27387544218089,6.443523162628861,35.00252300476809,6.561048287094446,5.509336411984593
2026m1,S. Korea,4072,7342801561,203,2103995058,284,246515060,319,1961700250,4878,11655011929,4.161541615416154,18.05227717326346,83.47683476834769,63.00123591233434,6.539565395653957,16.83138774932437,5.822058220582206,2.115099165077826
2026m1,UK,4917,2343453039,251,1785520311,287,129668893,424,605596512,5879,4864238755,4.26943357713897,36.70708616357793,83.63667290355504,48.1771795554061,7.212110903214833,12.44997506295309,4.881782616091172,2.665759218062889
2026m2,Canada,3696,18670620816,1862,2399604687,2301,7542526254,203,381215328,8062,28993967085,23.0960059538576,8.276220635710914,45.84470354750682,64.39484724965155,2.517985611510791,1.314809135577799,28.54130488712478,26.01412297905974
2026m2,China,10223,17279090582,1,803262653,231,426607670,0,0,10455,18508960905,.0095648015303682,4.339858175306897,97.78096604495457,93.3552708371232,0,0,2.209469153515065,2.304870987569899
2026m2,EU,15765,8315204991,518,1548008690,648,1165963096,957,1199790841,17888,12228967618,2.895796064400715,12.65853944793723,88.1317084078712,67.99596867654409,5.349955277280858,9.811055834623438,3.622540250447227,9.534436040895239
2026m2,Japan,5581,8297746643,150,894946403,202,253566444,361,1148426966,6294,10594686456,2.383222116301239,8.447124950008996,88.67175087384811,78.31988872403871,5.735621226564983,10.83965033575506,3.209405783285669,2.393335990197236
2026m2,Mexico,3159,36398728846,1647,2433649159,1542,4446176803,161,429488842,6509,43708043650,25.30342602550315,5.567966341591223,48.53280073744047,83.27695729753853,2.473498233215548,.9826311272112953,23.69027500384083,10.17244523365895
2026m2,ROW,92515,48821375677,3819,17434351861,6444,8276963739,6139,45485614847,108917,120018306124,3.506339689855578,14.52641053189607,84.94082650091353,40.67827421806715,5.636402030904267,37.89889752318731,5.916431778326616,6.896417726849472
2026m2,S. Korea,3925,6672283329,136,1305538882,349,271007044,271,3332476166,4681,11581305421,2.905362102114933,11.27281281808447,83.84960478530229,57.61253232214538,5.789361247596667,28.77461602866747,7.455671864986114,2.340038831102683
2026m2,UK,5208,2537688317,174,1137499218,201,475117363,359,778264246,5942,4928569144,2.92830696735106,23.07970497654035,87.64725681588691,51.48935203819471,6.041736788959946,15.79087607906348,3.382699427802087,9.640066906201449
2026m3,Canada,3689,14365938377,2134,6160875511,1960,4524011046,599,8954795501,8382,34005620435,25.45931758530184,18.11722718830023,44.01097590073968,42.24577641351892,7.146265807683131,26.33328075315265,23.38344070627535,13.30371564502819
2026m3,China,10432,16389063283,108,1272070060,195,604502260,81,1624064734,10816,19889700337,.9985207100591716,6.395622047827537,96.44970414201184,82.39974964586114,.7488905325443787,8.165355467818781,1.802884615384615,3.039272838492539
2026m3,EU,17997,11968573035,544,2351325939,586,1102752360,1050,1649683386,20177,17072334720,2.696139168360014,13.7727263292551,89.19561877385142,70.10507485528025,5.203945085988997,9.662904418500061,2.904296971799574,6.459294396964587
2026m3,Japan,6097,10516245532,159,558929914,186,252654445,380,1359194115,6822,12687024006,2.330694810905892,4.405524209110573,89.37261800058633,82.88977404808735,5.570214013485781,10.71326194667248,2.726473175021987,1.991439796129602
2026m3,Mexico,3171,29369254299,1817,3822325548,1407,3095941029,492,15162645357,6887,51450166233,26.38304051110789,7.429180171527553,46.04326992885146,57.08291430196126,7.143894293596631,29.47054687507447,20.42979526644402,6.017358651436721
2026m3,ROW,102669,57551464945,4070,19572911510,6329,9465653587,6603,58911046511,119671,145501076553,3.400991050463353,13.45207332735466,85.79271502703246,39.55397878038132,5.517627495383175,40.48839218694108,5.288666427121023,6.505555705322946
2026m3,S. Korea,4376,7094213883,124,1096347004,228,333428282,305,4024287928,5033,12548277097,2.4637393204848,8.73703214811945,86.94615537452812,56.53536201153911,6.060003973773098,32.07044199687073,4.530101331213988,2.65716384347071
2026m3,UK,5682,3603323277,190,771687632,222,605694727,376,1031505257,6470,6012210893,2.936630602782071,12.83533870873481,87.82071097372489,59.93341453133885,5.811437403400308,17.15683756537846,3.431221020092735,10.07440919454786
