hs10,cty_code,partner_group,product_group,stat_num,cens_num,total_val,s2,s4,gap_pp,gap_usd
8507600020,5700,China,Electronics & Machinery,4375787032.913025,2283264811,10756113152,40.681861292054066,21.22760126017685,19.454260031877215,2092522221.913025
8517620090,5700,China,Electronics & Machinery,2227379649.387926,1226750917,5694477454,39.114732956284456,21.542818053275237,17.57191490300922,1000628732.3879261
2711210000,1220,Canada,Energy & Minerals,888845555.5298388,0,12794553344,6.947062016406087,0,6.947062016406087,888845555.5298388
8704310140,2010,Mexico,Autos & Auto Parts,2554473215.811707,1689428269,21632793705,11.80833715074577,7.809570469899694,3.9987666808460753,865044946.811707
8703230140,2010,Mexico,Autos & Auto Parts,3111034589.5534706,3965299683,24581641898,12.655926737776573,16.131142498348016,-3.4752157605714427,-854265093.4465294
2716000000,1220,Canada,Energy & Minerals,677020529.003629,0,3051719451,22.184887565001432,0,22.184887565001432,677020529.003629
9503000073,5700,China,Other Manufactured,1982846249.0741937,1444613885,7101770878,27.92044805636707,20.341600845996766,7.578847210370306,538232364.0741937
8703220110,2010,Mexico,Autos & Auto Parts,1924715584.304135,1407858215,16435116136,11.710994728465453,8.566159212688389,3.144835515777064,516857369.3041351
7308909590,2010,Mexico,Steel & Aluminum,589707352.408678,102845213,1525814158,38.648701043753064,6.740349895219677,31.908351148533388,486862139.40867805
2709001000,2010,Mexico,Energy & Minerals,396089263.4780976,2644631,6847837926,5.784150672933109,0.03861994148487094,5.745530731448238,393444632.4780976
8541430010,5600,ROW,Electronics & Machinery,682069950.8044969,302712296,2394401856,28.486026649843062,12.642501727162042,15.84352492268102,379357654.8044969
8411124000,1220,Canada,Electronics & Machinery,374465439.0507645,1400383,4118393377,9.092512656562688,0.034003138403939794,9.058509518158749,373065056.0507645
3004909202,4279,EU,Pharmaceuticals,341105352.6532258,0,2061763887,16.544346072020698,0,16.544346072020698,341105352.6532258
8708295160,5700,China,Autos & Auto Parts,1090429954.264401,769370538,1366388457,79.80380313359167,56.30686749866184,23.496935634929834,321059416.26440096
9021390000,4190,EU,Other Manufactured,329887203.9413172,10236764,3200029610,10.308879733813376,0.31989591496311187,9.988983818850263,319650439.9413172
3004909221,5330,ROW,Pharmaceuticals,291761782.1532258,400085,3876133229,7.527135031643304,0.010321755635402077,7.516813276007902,291361697.1532258
3004909221,4419,ROW,Pharmaceuticals,282068183.7741935,0,4529016400,6.22802301564184,0,6.22802301564184,282068183.7741935
8703240150,1220,Canada,Autos & Auto Parts,547479596.178215,268042320,4948824029,11.062822055704478,5.416283109467581,5.646538946236897,279437276.178215
9019200000,5700,China,Other Manufactured,321712757.31066823,50354114,919716676,34.97955030127868,5.474959334106931,29.504590967171747,271358643.31066823
6307909891,5700,China,Apparel & Textiles,862807314.8137169,594292168,1816971438,47.486014186521125,32.707843148825546,14.778171037695579,268515146.8137169
8471300100,5700,China,Electronics & Machinery,923826984.8375115,655961747,9668492341,9.55502628801753,6.784529830140556,2.7704964578769733,267865237.83751154
8701210015,2010,Mexico,Autos & Auto Parts,598528166.4224236,331954394,7250760326,8.254695225219386,4.578201168912834,3.6764940563065522,266573772.4224236
8471500150,2010,Mexico,Electronics & Machinery,428371503.382918,162743746,105076613512,0.4076753989925617,0.15488103447625315,0.25279436451630855,265627757.382918
8703800060,2010,Mexico,Autos & Auto Parts,1012674867.7525762,751191913,9009991422,11.239465392607299,8.337321067429535,2.9021443251777637,261482954.75257623
1514110000,1220,Canada,Food & Agriculture,261245526.2688091,9403,1288602481,20.27355449960593,7.297052534543428e-4,20.272824794352474,261236123.2688091
3924104000,5700,China,Chemicals & Plastics,900563708.9289893,642955352,2795055968,32.21988107713589,23.003308676500893,9.216572400634995,257608356.9289893
8507600090,5700,China,Electronics & Machinery,469551783.73525417,213696020,861288441,54.51736739785809,24.81120259223356,29.706164805624528,255855763.73525417
7115900530,4419,ROW,Other Manufactured,256038138.72217205,911260,49781844407,0.5143203145084146,0.0018305067055166492,0.512489807802898,255126878.72217205
7610100010,3010,ROW,Steel & Aluminum,262263263.27741936,14094548,684262282,38.32788539956662,2.0598165894521716,36.26806881011445,248168715.27741936
8708295160,5800,S. Korea,Autos & Auto Parts,496271362.98532385,253691569,1913209069,25.93921234362097,13.26000242788939,12.67920991573158,242579793.98532385
3924905650,5700,China,Chemicals & Plastics,748300984.6256621,513802678,1850951369,40.42791167603399,27.758842647367253,12.66906902866674,234498306.6256621
8703220110,1220,Canada,Autos & Auto Parts,461864726.38203,234080231,4124410860,11.198320003987915,5.675482849446285,5.52283715454163,227784495.38203
7326908688,2010,Mexico,Steel & Aluminum,353647398.14320445,130485800,1058089569,33.42320050252801,12.33220738801178,21.09099311451623,223161598.14320445
8704310140,1220,Canada,Autos & Auto Parts,362377099.25744116,148197012,3284387656,11.033323018232693,4.512165661360652,6.521157356872041,214180087.25744116
8411124000,4120,UK,Electronics & Machinery,217756577.55285716,5493263,3036208478,7.171990300754873,0.18092509258845435,6.991065208166418,212263314.55285716
8517130000,5700,China,Electronics & Machinery,3358004180.1537175,3146122524,26509464110,12.667189974945584,11.867922003044972,0.7992679719006119,211881656.15371752
8507600020,5800,S. Korea,Electronics & Machinery,370771150.0374072,161472520,2391037051,15.506708684515788,6.753242068435015,8.753466616080772,209298630.03740722
8704310120,2010,Mexico,Autos & Auto Parts,423471300.09268665,215243047,3762509702,11.255022143001684,5.720730683713198,5.534291459288486,208228253.09268665
3926909989,5700,China,Chemicals & Plastics,1128384204.1551075,926841525,2874449209,39.25566681164856,32.244143403126664,7.011523408521896,201542679.1551075
7322900015,2010,Mexico,Steel & Aluminum,235799287.55306423,36396504,632074139,37.30563758329373,5.758265012642765,31.547372570650964,199402783.55306423
9018390040,2230,ROW,Other Manufactured,229055631.85818356,31665189,2249764102,10.181317750361348,1.407489299515901,8.773828450845446,197390442.85818356
7108121013,1220,Canada,Other Manufactured,195642107.51683375,181595,4801461742,4.0746363926111595,0.003782077412208193,4.070854315198951,195460512.51683375
3004909239,4190,EU,Pharmaceuticals,194082980.33064517,0,1592126884,12.190170411734922,0,12.190170411734922,194082980.33064517
9021400000,4099,EU,Other Manufactured,194117559.7401613,648414,1855891806,10.45952997435462,0.034938135827946,10.424591838526673,193469145.7401613
3004909216,4190,EU,Pharmaceuticals,189823969.75,0,759295879,25,0,25,189823969.75
8704510020,2010,Mexico,Autos & Auto Parts,430570799.4889811,241746705,2441970691,17.632103492309323,9.89965628543246,7.732447206876863,188824094.48898113
9021310000,4190,EU,Other Manufactured,240795077.63284945,54972111,2365846933,10.17796520451602,2.323570059973952,7.854395144542068,185822966.63284945
3004909234,4419,ROW,Pharmaceuticals,185813233.66935486,0,1781732601,10.428794621879115,0,10.428794621879115,185813233.66935486
8471804000,5830,ROW,Electronics & Machinery,193713947.88709676,10855580,10393730942,1.8637575762551115,0.10444353486324834,1.759314041391863,182858367.88709676
3004909202,4190,EU,Pharmaceuticals,178386522.37903225,2958,1658629944,10.755052567592633,1.7833996128554158e-4,10.754874227631348,178383564.37903225
8807300030,5880,Japan,Other Manufactured,257940646.02328613,80041842,2418921538,10.663456502047406,3.308988768035022,7.354467734012385,177898804.02328613
9401806021,5700,China,Other Manufactured,273605943.4094931,95934477,501688031,54.537068158497306,19.122337204014343,35.41473095448296,177671466.4094931
9503000090,5700,China,Other Manufactured,654050886.5705531,477637980,2428777007,26.929227536554702,19.66578152804458,7.2634460085101225,176412906.57055306
8411919085,5880,Japan,Electronics & Machinery,225632087.97746542,50894691,2578847094,8.749339520843472,1.9735443453942136,6.775795175449259,174737396.97746542
8418100085,2010,Mexico,Electronics & Machinery,219756108.81181595,45635614,1084947664,20.254996264208366,4.206250265727103,16.048745998481262,174120494.81181595
9019200000,5590,ROW,Other Manufactured,173901205.8847619,135257,2180780704,7.974263783872966,0.006202228392424368,7.968061555480542,173765948.8847619
8415908065,5700,China,Electronics & Machinery,480905128.71015185,313102959,943111747,50.99131998301277,33.19892472933009,17.792395253682685,167802169.71015185
8471804000,2010,Mexico,Electronics & Machinery,64730810.12722615,231275143,1468783559,4.407103397269587,15.746032938812327,-11.33892954154274,-166544332.87277386
2710190635,5050,ROW,Energy & Minerals,166067522.67000002,774726,2372393181,7.000000000000001,0.03265588546639816,6.967344114533603,165292796.67000002
9018390040,2010,Mexico,Other Manufactured,280476224.4520608,117797079,3349106173,8.37465908704892,3.5172691731800763,4.857389913868844,162679145.45206082
8473301180,5700,China,Electronics & Machinery,406033118.31332374,243921223,1428695292,28.419854155530018,17.073005305318805,11.346848850211213,162111895.31332374
3004909221,4120,UK,Pharmaceuticals,157338184.11290324,0,1332506041,11.807690117098932,0,11.807690117098932,157338184.11290324
9503000073,2010,Mexico,Other Manufactured,153138104.75110194,3286336,877398592,17.453652894749794,0.3745545103404953,17.0790983844093,149851768.75110194
3004909221,4190,EU,Pharmaceuticals,149802135.62096775,0,2027571524,7.388254068859558,0,7.388254068859558,149802135.62096775
8414519090,5700,China,Electronics & Machinery,340647177.8249509,191326787,815205744,41.78665083411764,23.46975452616536,18.316896307952277,149320390.82495087
9401806023,5700,China,Other Manufactured,227996069.99975422,79065551,408435569,55.82179597089748,19.358145323528372,36.46365064736911,148930518.99975422
7108121017,1220,Canada,Other Manufactured,147476262.43958387,4010,593570693,24.845610502468638,6.75572437670874e-4,24.844934930030966,147472252.43958387
0202305085,6021,ROW,Food & Agriculture,251681137.60923928,107423929,1992828821,12.629340511190815,5.390524658615423,7.238815852575392,144257208.60923928
8708806590,5700,China,Autos & Auto Parts,499906584.16246915,356712051,645481965,77.4470258301437,55.262899715563705,22.184126114579996,143194533.16246915
7210120000,4280,EU,Steel & Aluminum,230676504.30080646,87626746,640889128,35.99319979427182,13.672684115184428,22.32051567908739,143049758.30080646
7321113020,2010,Mexico,Steel & Aluminum,171402281.40580425,28443391,459644070,37.290219235462835,6.188134005514311,31.102085229948525,142958890.40580425
8544422000,5700,China,Electronics & Machinery,1004331597.3708129,862873492,1655343805,60.67208481629065,52.12654249791934,8.54554231837131,141458105.3708129
3004909225,4419,ROW,Pharmaceuticals,140623558,0,562494232,25,0,25,140623558
8473305100,5700,China,Electronics & Machinery,629305553.7355087,489357973,2042003899,30.818038792369055,23.9645954270531,6.853443365315954,139947580.73550868
3004909234,5330,ROW,Pharmaceuticals,139288649.78225806,37936,1486307866,9.371453449756423,0.0025523648813145687,9.368901084875109,139250713.78225806
2710190635,7210,ROW,Energy & Minerals,139373117.73000002,550093,1991044539,7.000000000000001,0.027628362360808043,6.972371637639193,138823024.73000002
8518302000,5700,China,Electronics & Machinery,384399678.4213441,246342061,1478050129,26.007215241164804,16.666691891341124,9.34052334982368,138057617.4213441
8704210100,2010,Mexico,Autos & Auto Parts,237215340.82608598,99404258,3086021861,7.686767998111923,3.221113215568371,4.4656547825435515,137811082.82608598
8708704548,5700,China,Autos & Auto Parts,637521994.1230443,500196393,966052411,65.99248517615305,51.77735569048748,14.215129485665571,137325601.12304425
8507908000,5700,China,Electronics & Machinery,603904492.5881469,467043696,956934420,63.108242316975804,48.806238571709024,14.30200374526678,136860796.58814692
8215200000,5700,China,Other Manufactured,167664814.40191314,33819339,270380292,62.01073797268965,12.508063642449208,49.50267433024044,133845475.40191314
9021500000,4419,ROW,Other Manufactured,130444756.3688149,894820,887982902,14.690007665126744,0.10076995829363392,14.58923770683311,129549936.3688149
0202305085,6141,ROW,Food & Agriculture,189358635.39408603,60593243,1176610448,16.093570791926712,5.149813441058276,10.943757350868436,128765392.39408603
8544429090,2010,Mexico,Electronics & Machinery,104320779.16400006,231980191,2404375957,4.338788152505223,9.648249489628382,-5.309461337123159,-127659411.83599994
8802300140,3510,ROW,Other Manufactured,150008804.5992857,25177657,1804739135,8.31193836771793,1.3950856670484957,6.916852700669435,124831147.59928569
8516790000,5700,China,Electronics & Machinery,584939397.3576978,460726454,1921537579,30.441215605167088,23.976968186059086,6.464247419108002,124212943.35769784
9404409022,5700,China,Other Manufactured,256172548.38787866,133067082,598292608,42.81726783224416,22.241137567255386,20.576130264988777,123105466.38787866
8516500090,5700,China,Electronics & Machinery,369370748.23107517,248947165,1130284798,32.679440516643595,22.025171482488613,10.654269034154982,120423583.23107517
7308909590,4210,EU,Steel & Aluminum,125007265.33951613,5044246,260015107,48.076923984080715,1.9399818949750487,46.136942089105666,119963019.33951613
8708295160,2010,Mexico,Autos & Auto Parts,714466881.2065413,597071390,9019177680,7.921641047064296,6.620020263310746,1.3016207837535498,117395491.2065413
8702103100,1220,Canada,Autos & Auto Parts,137480668.765378,20256493,909299305,15.119407659217115,2.2277035612602827,12.891704097956833,117224175.765378
9403608093,5700,China,Other Manufactured,438476434.2677726,321986866,740064096,59.24844032263019,43.50797015289876,15.74047016973143,116489568.26777261
8409915085,2010,Mexico,Electronics & Machinery,152588188.81230173,267171432,2524774228,6.04363697633172,10.581992997117998,-4.538356020786279,-114583243.18769827
9504500000,5700,China,Other Manufactured,290888751.40983105,178945367,1431685368,20.317924448455425,12.498931050051773,7.818993398403652,111943384.40983105
8431200000,5700,China,Electronics & Machinery,279009209.54057276,169757222,537867016,51.87327001672338,31.56118835143444,20.312081665288943,109251987.54057276
3004909202,5590,ROW,Pharmaceuticals,108264343.4516129,0,962900259,11.243567798397788,0,11.243567798397788,108264343.4516129
3004909225,4190,EU,Pharmaceuticals,107879419.5,0,431517678,25,0,25,107879419.5
6402993165,5700,China,Apparel & Textiles,359828158.4502535,254153838,1111211405,32.38161135056506,22.871780910132035,9.509830440433024,105674320.45025349
2403196090,4280,EU,Food & Agriculture,108915175.45578341,3674366,30908117,352.38372967134626,11.888029283699165,340.4957003876471,105240809.45578341
8541430080,5520,ROW,Electronics & Machinery,141459473.26228878,36854787,612876698,23.081228854664136,6.013409731560719,17.06781912310342,104604686.26228878
7218990015,4050,EU,Steel & Aluminum,103923548.93225807,0,280015592,37.11348649908683,0,37.11348649908683,103923548.93225807
9506910030,5700,China,Other Manufactured,611847263.5472499,507983668,1535228388,39.853826852715144,33.08847543275105,6.765351419964091,103863595.54724991
8541430080,5330,ROW,Electronics & Machinery,163401020.84933564,59957109,492518157,33.176649129980326,12.173583480699982,21.003065649280344,103443911.84933564
9401790011,5700,China,Other Manufactured,184656529.14721018,83216244,363260449,50.83309500264649,22.908148748117636,27.92494625452885,101440285.14721018
8302303060,5700,China,Other Manufactured,332752318.14580965,231425505,417580753,79.68574120220757,55.42053922202683,24.265201980180734,101326813.14580965
8708996890,2010,Mexico,Autos & Auto Parts,286517631.638201,185834848,1695153123,16.902168172933898,10.96271749605242,5.939450676881478,100682783.638201
1509202090,4759,EU,Food & Agriculture,151509567.39145777,51457657,650935219,23.275675208389327,7.90518864212815,15.370486566261178,100051910.39145777
8517620020,2010,Mexico,Electronics & Machinery,74283129.46481621,174211408,7204385810,1.0310820578446536,2.418129908564683,-1.3870478507200295,-99928278.53518379
3923210095,5700,China,Chemicals & Plastics,209222210.1816033,110449906,430568523,48.5920820973723,25.652108804990377,22.93997329238192,98772304.18160331
9027894530,5570,ROW,Other Manufactured,98171375.84068356,9994,607124394,16.169894804240656,0.001646120646570495,16.168248683594086,98161381.84068356
8541430010,5530,ROW,Electronics & Machinery,290934799.15998465,193714399,1007427389,28.878984464455993,19.228621448567743,9.65036301588825,97220400.15998465
8541420010,5600,ROW,Electronics & Machinery,181819568.8492665,85025875,625302952,29.07703670160612,13.59754895255956,15.479487749046559,96793693.8492665
7308909590,4231,EU,Steel & Aluminum,113746389.40967742,17015439,242157214,46.972125063215096,7.0266083421326435,39.945516721082456,96730950.40967742
9503000071,5700,China,Other Manufactured,363372261.1762289,267377507,1294673952,28.066700547647137,20.65211141283547,7.414589134811667,95994754.17622888
9506995500,5700,China,Other Manufactured,170405010.41822624,74647047,367921699,46.31556412176337,20.288840588333986,26.026723533429386,95757963.41822624
3004909221,4280,EU,Pharmaceuticals,95573636.02419356,0,1147865390,8.326205917245536,0,8.326205917245536,95573636.02419356
7601106090,1220,Canada,Steel & Aluminum,1062866960.0470335,967311270,3147177426,33.77206989559265,30.735835291924847,3.036234603667804,95555690.04703355
2710190635,2010,Mexico,Energy & Minerals,96350977.8187671,953832,2667045863,3.612647954632008,0.035763614463198305,3.5768843401688097,95397145.8187671
1006309057,5490,ROW,Food & Agriculture,180446969.38262826,85761397,801775253,22.505929025303587,10.696438519286652,11.809490506016935,94685572.38262826
3004909216,4050,EU,Pharmaceuticals,94567859.75,0,378271439,25,0,25,94567859.75
9503000090,2010,Mexico,Other Manufactured,96734893.11790827,2572210,552844529,17.497666711631375,0.4652682381885342,17.03239847344284,94162683.11790827
8431499095,2010,Mexico,Electronics & Machinery,41230623.92730722,134745052,482652263,8.54251126287731,27.917625655056753,-19.37511439217944,-93514428.07269278
9401616011,5700,China,Other Manufactured,303804502.57064325,210522763,622413892,48.81068794824445,33.82359643733659,14.98709151090786,93281739.57064325
9403608093,5520,ROW,Other Manufactured,326668452.90000004,233864156,2309297436,14.145793772924797,10.127069486773552,4.0187242861512456,92804296.90000004
9021500000,4190,EU,Other Manufactured,94891843.64648618,3302282,989732741,9.587622972905791,0.33365391112185105,9.25396906178394,91589561.64648618
8517130000,5330,ROW,Electronics & Machinery,0,91397582,29687265303,0,0.3078679732442852,-0.3078679732442852,-91397582
9401710031,5700,China,Other Manufactured,233525021.45508087,142284408,492562603,47.410221570369785,28.88656327813015,18.523658292239634,91240613.45508087
3004909225,4120,UK,Pharmaceuticals,90937666.75,0,363750667,25,0,25,90937666.75
8541420010,5530,ROW,Electronics & Machinery,143196580.2322043,52267907,540049945,26.5154327961656,9.678346879565,16.8370859166006,90928673.23220429
8415908085,5700,China,Electronics & Machinery,341454152.3005766,250538674,826463875,41.315072882111956,30.314534195460148,11.000538686651808,90915478.30057663
8708998180,2010,Mexico,Autos & Auto Parts,330783527.3683857,421244813,5485003238,6.030689737368313,7.679937362326859,-1.6492476249585462,-90461285.63161433
7224900065,4850,EU,Steel & Aluminum,90105411.55,0,267344284,33.703885567271,0,33.703885567271,90105411.55
0306170041,5330,ROW,Food & Agriculture,387343024.3858641,297877347,1915956002,20.216697250956187,15.547191411966462,4.669505838989725,89465677.38586408
9018390040,4190,EU,Other Manufactured,109011344.32525346,19825532,1087433415,10.024645446935567,1.8231490523031242,8.201496394632443,89185812.32525346
3004909236,4419,ROW,Pharmaceuticals,88487477.37903225,0,812322689,10.893143645656837,0,10.893143645656837,88487477.37903225
7326908688,1220,Canada,Steel & Aluminum,179264774.82925892,90945705,561885820,31.904128641163947,16.185798210746803,15.718330430417144,88319069.82925892
8541430080,5570,ROW,Electronics & Machinery,120622114.67135176,32371817,531167886,22.708849282983902,6.094460499820202,16.6143887831637,88250297.67135176
8429521010,5880,Japan,Electronics & Machinery,494691673.704013,582604254,3829744463,12.91709351585563,15.212614304392035,-2.2955207885364057,-87912580.29598701
8708998180,1220,Canada,Autos & Auto Parts,117947107.06223735,205697592,2202799024,5.354419798500753,9.338009948201249,-3.983590149700496,-87750484.93776265
9018908000,2230,ROW,Other Manufactured,189749249.82221583,103545225,1874360631,10.123412041629456,5.524295767178861,4.599116274450594,86204024.82221583
1502100040,3510,ROW,Food & Agriculture,90182451.50129032,4554373,432237853,20.86408001413294,1.053672872098039,19.8104071420349,85628078.50129032
3004909216,4419,ROW,Pharmaceuticals,85335566.25,0,341342265,25,0,25,85335566.25
8703230140,7910,ROW,Autos & Auto Parts,146964889.75586313,62139546,897619658,16.37273520538953,6.92270333500205,9.45003187038748,84825343.75586313
9617001000,5700,China,Other Manufactured,401057962.40009767,316249168,1089704722,36.8042786548646,29.021546994819758,7.7827316600448455,84808794.40009767
7108121020,2010,Mexico,Other Manufactured,84614013.82117634,0,2000003708,4.230692847354278,0,4.230692847354278,84614013.82117634
8518302000,5520,ROW,Electronics & Machinery,650826725.3981414,566303176,5249252468,12.398464912207027,10.788263270860837,1.6102016413461904,84523549.39814138
9018906000,1220,Canada,Other Manufactured,91908683.32400863,7440126,504371718,18.22241018756104,1.4751275169635898,16.74728267059745,84468557.32400863
9401616011,5520,ROW,Other Manufactured,361727759.0073118,277369547,2445272080,14.792945209079223,11.343095488989512,3.449849720089711,84358212.00731182
9018908000,5700,China,Other Manufactured,211957528.48998463,127678064,706398051,30.005395426832038,18.074520989866095,11.930874436965944,84279464.48998463
8433901090,5700,China,Electronics & Machinery,107530486.34931374,23352340,176905462,60.784152808867894,13.200462968181276,47.58368984068662,84178146.34931374
8414513000,5700,China,Electronics & Machinery,301570528.9448971,217494094,953928944,31.613521200054617,22.79982124119299,8.813699958861626,84076434.94489712
9021390000,5590,ROW,Other Manufactured,88673097.0504762,5397248,1091372592,8.124915148178486,0.4945376161691259,7.63037753200936,83275849.0504762
8411919085,4279,EU,Electronics & Machinery,198249980.9235484,115219806,4916964476,4.031958780487809,2.34331174370681,1.6886470367809991,83030174.9235484
7216990010,5330,ROW,Steel & Aluminum,82318506.075,0,188520123,43.66563354883871,0,43.66563354883871,82318506.075
8708996805,2010,Mexico,Autos & Auto Parts,153166824.87542766,70956979,434201254,35.27553719949129,16.34195625791537,18.93358094157592,82209845.87542766
8807300030,4120,UK,Other Manufactured,107654327.18638894,26124143,1412221326,7.623049249037395,1.8498618112498324,5.773187437787563,81530184.18638894
8503006500,5880,Japan,Electronics & Machinery,118739344.16294166,200165996,926239877,12.81950249729333,21.610600123190334,-8.791097625897004,-81426651.83705834
3926907500,5700,China,Chemicals & Plastics,201429758.1130138,120113761,523078961,38.50848019731648,22.962835433176597,15.545644764139883,81315997.1130138
9021400000,2010,Mexico,Other Manufactured,80660257.69867119,69440,384810254,20.96104686926331,0.01804525718277767,20.943001612080533,80590817.69867119
9021390000,2230,ROW,Other Manufactured,98241833.34046084,17657367,983802211,9.98593337583593,1.7948086315085543,8.191124744327377,80584466.34046084
3004909236,5330,ROW,Pharmaceuticals,80292049.12903225,15489,678870574,11.827298487241878,0.002281583646899976,11.825016903594978,80276560.12903225
9018907570,2010,Mexico,Other Manufactured,79790229.0716197,257726,422770646,18.873171500090315,0.06096118603276917,18.812210314057545,79532503.0716197
7610900080,1220,Canada,Steel & Aluminum,115900602.67410925,36609987,341810234,33.9078796201606,10.7106175761841,23.1972620439765,79290615.67410925
7224900065,3570,ROW,Steel & Aluminum,79134010,0,162579219,48.67412359755523,0,48.67412359755523,79134010
7320103000,2010,Mexico,Steel & Aluminum,103482996.91053565,24505143,262716016,39.389679581063554,9.327616706855055,30.0620628742085,78977853.91053565
7224900055,3510,ROW,Steel & Aluminum,233841466.03951612,154864167,656359014,35.62706705503036,23.59442983135446,12.032637223675898,78977299.03951612
3004909225,5590,ROW,Pharmaceuticals,78752106.75,0,315008427,25,0,25,78752106.75
8419899540,5830,ROW,Electronics & Machinery,227823177.0776409,149137512,1226731237,18.571564023655892,12.15730940093441,6.414254622721481,78685665.07764089
8473301180,2010,Mexico,Electronics & Machinery,92898772.33908916,14363205,2685991622,3.4586396911363546,0.5347449665276729,2.9238947246086817,78535567.33908916
8714200000,5700,China,Autos & Auto Parts,81725434.63463134,4208155,276325405,29.575794753519435,1.522898337921553,28.052896415597882,77517279.63463134
7306291030,1220,Canada,Steel & Aluminum,80442450.90645161,3459705,229287080,35.08372600255174,1.5088966199054914,33.57482938264625,76982745.90645161
8409915085,5880,Japan,Electronics & Machinery,185375762.228078,262342953,1397765093,13.262297302775611,18.76874406964461,-5.506446766869001,-76967190.77192199
8407344800,2010,Mexico,Electronics & Machinery,309222351.471542,232361811,4058400010,7.61931674328825,5.725453637577731,1.893863105710519,76860540.471542
2106909973,5590,ROW,Food & Agriculture,671371.6550426596,77496974,2176765573,0.030842625561988322,3.5601892533238813,-3.529346627761893,-76825602.34495734
8486900000,5880,Japan,Electronics & Machinery,16254680.541234553,93051790,1507593299,1.0781873700298632,6.1722077208569495,-5.094020350827086,-76797109.45876545
8509805095,5700,China,Electronics & Machinery,248972496.7293531,172187051,751895212,33.11265888595034,22.90040530275381,10.212253583196528,76785445.7293531
3004909239,4370,EU,Pharmaceuticals,75696519.5,0,2933736835,2.5802082380712243,0,2.5802082380712243,75696519.5
8418690140,5700,China,Electronics & Machinery,86958930.82158986,11968636,176223667,49.34577307461765,6.791730193652139,42.55404288096551,74990294.82158986
2710193020,5800,S. Korea,Energy & Minerals,75276225.67318584,612293,1018997437,7.387283121614548,0.060087786069671925,7.327195335544876,74663932.67318584
7308903000,1220,Canada,Steel & Aluminum,103702988.19918056,29271125,305342961,33.96278986080198,9.586310718981991,24.376479141819992,74431863.19918056
9402900020,5700,China,Other Manufactured,123923221.66830261,49641277,396063458,31.28872890573576,12.533667521531362,18.755061384204396,74281944.66830261
8708295160,5830,ROW,Autos & Auto Parts,169525160.5284753,96118665,483538616,35.059280669421305,19.878177630388056,15.18110303903325,73406495.52847531
8479899599,5700,China,Electronics & Machinery,312846207.84939325,240172779,501537838,62.37738893179845,47.88727007273178,14.49011885906667,72673428.84939325
8471300100,5520,ROW,Electronics & Machinery,0,72527705,37281309905,0,0.1945417293137356,-0.1945417293137356,-72527705
3004909236,4120,UK,Pharmaceuticals,71943607.51612903,0,600486009,11.980896546771838,0,11.980896546771838,71943607.51612903
8507600020,5880,Japan,Electronics & Machinery,293428415.11825585,221646348,1735304443,16.90933347758713,12.772764392674352,4.136569084912777,71782067.11825585
6403406000,5700,China,Apparel & Textiles,98008106.5617358,26781852,119330305,82.13178250213623,22.443462287304133,59.6883202148321,71226254.5617358
0202308000,3510,ROW,Food & Agriculture,352873181.76447314,282118671,1011042183,34.90192473645515,27.903748799371314,6.998175937083836,70754510.76447314
0901110025,3510,ROW,Food & Agriculture,277083599.99290323,207677517,2633645690,10.520914071509111,7.885552631037472,2.6353614404716392,69406082.99290323
4818900080,5700,China,Other Manufactured,180721168.48903996,111750595,457175190,39.52995972704467,24.443713798205017,15.086245928839652,68970573.48903996
7308909590,5700,China,Steel & Aluminum,343291407.691874,274980015,484033583,70.92305570290853,56.81011083894152,14.112944863967009,68311392.69187403
3004909221,4279,EU,Pharmaceuticals,68117460.83870968,0,1283180746,5.308485266089683,0,5.308485266089683,68117460.83870968
3004909231,4190,EU,Pharmaceuticals,67945478.48387097,0,1069312810,6.35412555133151,0,6.35412555133151,67945478.48387097
8704210100,1220,Canada,Autos & Auto Parts,100510843.99270613,32716908,830733944,12.099041422184397,3.938313612474706,8.160727809709691,67793935.99270613
7308909590,1220,Canada,Steel & Aluminum,127034117.58410609,59479683,384615013,33.028902484393164,15.464732522024564,17.564169962368602,67554434.58410609
7106911020,2010,Mexico,Other Manufactured,67557455.29224601,26347,1380501747,4.893688504129507,0.001908508993723135,4.891779995135784,67531108.29224601
7323930045,5700,China,Steel & Aluminum,238055453.80013055,170963296,477778614,49.82547289153686,35.78295281337142,14.042520078165438,67092157.800130546
8708305030,5700,China,Autos & Auto Parts,618257854.6570063,551324074,1000683864,61.7835339310524,55.0947300974966,6.688803833555802,66933780.657006264
8412909070,2010,Mexico,Electronics & Machinery,71694250.66362663,5264924,350706941,20.442780647340147,1.5012317648996858,18.94154888244046,66429326.663626626
9021100090,5700,China,Other Manufactured,114838849.72621351,48627366,380252458,30.20068570502535,12.788179267995686,17.412506437029663,66211483.726213515
