product_group,partner_group,stat_num,cens_num,total_val,s2,s4,gap_pp
Apparel & Textiles,China,15563402435.078373,12241875893,34373404649,45.27745387459356,35.614382741559886,9.663071133033675
Apparel & Textiles,Canada,42124048.1870695,40752677,1854828355,2.2710483195664484,2.197113112388235,0.07393520717821334
Apparel & Textiles,Mexico,262146896.8309484,194121776,7834334835,3.3461283229790424,2.4778335377339027,0.8682947852451397
Apparel & Textiles,EU,1940898949.7316132,1693487294,12000473882,16.173519219460548,14.111836837877966,2.0616823815825818
Apparel & Textiles,Japan,108215033.25720374,102141912,809296942,13.371486736348468,12.621067336246034,0.7504194001024338
Apparel & Textiles,S. Korea,155916152.33696178,154546530,1502525617,10.376938041713386,10.285783367113135,0.09115467460025073
Apparel & Textiles,UK,102326740.2066047,97856459,687282258,14.888604938584738,14.238176216677486,0.650428721907252
Apparel & Textiles,ROW,28333010372.892372,26156185642,114505828871,24.743727592078983,22.842667399462293,1.90106019261669
Autos & Auto Parts,China,9041097799.155708,7474932040,14552563395,62.127183739065984,51.36505395721728,10.762129781848707
Autos & Auto Parts,Canada,4912257853.367841,3851846170,54578004311,9.0004350935525,7.057506441699764,1.9429286518527364
Autos & Auto Parts,Mexico,14776021989.71102,12820986943,150419545459,9.82320611634778,8.523484699995073,1.2997214163527069
Autos & Auto Parts,EU,8900688211.215015,8534698488,57662228351,15.435907466209908,14.80119435559758,0.6347131106123278
Autos & Auto Parts,Japan,9019861279.428274,8986736589,56999349088,15.824498742086886,15.766384586472352,0.05811415561453437
Autos & Auto Parts,S. Korea,7495827514.067322,7025657345,46151187825,16.24189510027486,15.223134389607662,1.0187607106671983
Autos & Auto Parts,UK,1105769108.7767415,1085365213,10426777164,10.605090061716998,10.40940259802794,0.1956874636890582
Autos & Auto Parts,ROW,3813544288.3515058,2877872424,17573362557,21.700709104373743,16.376333297998546,5.324375806375198
Chemicals & Plastics,China,13829616969.589375,10870735901,36059171477,38.35256441876504,30.14693753552767,8.205626883237372
Chemicals & Plastics,Canada,290296344.6927928,243882550,40056881627,0.7247102942160155,0.6088405789321679,0.1158697152838476
Chemicals & Plastics,Mexico,347288391.48246795,273085387,23854238762,1.4558770663254248,1.14480864270977,0.3110684236156549
Chemicals & Plastics,EU,5019640151.023421,4695087643,118732338669,4.2276941625963325,3.9543461331869203,0.27334802940941216
Chemicals & Plastics,Japan,1435870989.5752876,1238892849,14659697084,9.794683896589085,8.451012608931476,1.3436712876576085
Chemicals & Plastics,S. Korea,1260644977.6041796,1087308482,13958101604,9.03163634546774,7.789802029298941,1.2418343161687995
Chemicals & Plastics,UK,463290285.5799335,410029804,7422612759,6.241606569306595,5.524062985810951,0.7175435834956438
Chemicals & Plastics,ROW,9384654026.412195,7944531418,79385064500,11.821687222301362,10.007589548535291,1.8140976737660708
Electronics & Machinery,China,54470795038.824554,42244182311,146536443632,37.17218303428885,28.828447902754274,8.343735131534576
Electronics & Machinery,Canada,2224631940.6447587,1576781745,50898267560,4.37074196685047,3.097908476238911,1.2728334906115588
Electronics & Machinery,Mexico,7399701827.041305,7811456852,306753305890,2.4122647368288823,2.546494757191352,-0.13423002036246956
Electronics & Machinery,EU,13498873256.62197,13830174390,159521871788,8.462083039347473,8.669766869573788,-0.20768383022631554
Electronics & Machinery,Japan,6705689044.588826,6596774381,65382641103,10.256069396195047,10.089488998475645,0.16658039771940203
Electronics & Machinery,S. Korea,3831664514.9535623,3085315955,61025585295,6.278783720682317,5.055774459327945,1.2230092613543722
Electronics & Machinery,UK,1704476568.324454,1298837538,20441409070,8.338351639496121,6.353953064352035,1.9843985751440858
Electronics & Machinery,ROW,26904757936.049328,23390185030,655440517443,4.104835941636624,3.5686205548063503,0.5362153868302739
Energy & Minerals,China,130664341.93902734,108576880,514353311,25.403616375092675,21.10939653307685,4.294219842015824
Energy & Minerals,Canada,1740837078.2383208,150107409,144845927262,1.2018543504433248,0.10363246784873899,1.0982218825945858
Energy & Minerals,Mexico,577913070.0616926,8810526,15101941152,3.8267469343512683,0.0583403544704794,3.768406579880789
Energy & Minerals,EU,202668122.68487608,77138195,11236060159,1.8037294195380436,0.6865235136553882,1.1172059058826553
Energy & Minerals,Japan,15944681.062511085,5677139,637801248,2.4999451024139554,0.8901109895601835,1.6098341128537719
Energy & Minerals,S. Korea,96312684.54872082,14015601,6898169121,1.396206484058465,0.20317856454595326,1.1930279195125117
Energy & Minerals,UK,45167121.53112592,9166106,3979676392,1.1349445804669316,0.23032289807346729,0.9046216823934643
Energy & Minerals,ROW,1522796351.7650554,234106746,88001185494,1.7304270882451702,0.2660268093956093,1.464400278849561
Food & Agriculture,China,2814820319.2657075,2255627678,6368670416,44.1979272815569,35.41756019173469,8.780367089822214
Food & Agriculture,Canada,588800069.542992,278213550,53505802170,1.1004415328121637,0.5199689355484342,0.5804725972637296
Food & Agriculture,Mexico,199203560.76709932,220179809,56250441169,0.3541368860887828,0.3914277015863523,-0.03729081549756952
Food & Agriculture,EU,4144441597.043401,3671559774,36902878690,11.230672901858108,9.949250314162958,1.2814225876951504
Food & Agriculture,Japan,221341004.3488252,208679904,2177677054,10.164087642943278,9.582683695761622,0.5814039471816557
Food & Agriculture,S. Korea,225119242.42487276,211275431,2587502622,8.70025176055156,8.165225774213727,0.5350259863378319
Food & Agriculture,UK,223684363.19771528,230303203,2822740853,7.924367657058714,8.158850386681246,-0.23448272962253203
Food & Agriculture,ROW,12958627724.171846,10477872122,126491610338,10.244653925699037,8.28345223371094,1.9612016919880961
Other Manufactured,China,33953269871.67631,25571389876,101751173009,33.36892231077583,25.13129737947904,8.23762493129679
Other Manufactured,Canada,1987681824.2289429,1068688682,101172843484,1.9646396758071598,1.0562999370171977,0.9083397387899621
Other Manufactured,Mexico,3013444180.362478,1895524937,97197106405,3.1003435100280523,1.950186592079958,1.1501569179480944
Other Manufactured,EU,10233625779.91119,8576706686,177184799414,5.775679298538402,4.840543158535937,0.9351361400024656
Other Manufactured,Japan,1966077067.346575,1667958419,26436551547,7.436964930358641,6.309288925352591,1.1276760050060508
Other Manufactured,S. Korea,884774706.0583191,746301871,14235901211,6.215094449901484,5.24239287656293,0.9727015733385533
Other Manufactured,UK,993818255.1347351,754463945,27267061614,3.644757433725345,2.766942605259043,0.8778148284663021
Other Manufactured,ROW,22324658330.774254,18114558812,350394936620,6.371284512876718,5.169754730686953,1.2015297821897652
Pharmaceuticals,China,870307536.4651461,519962675,5616322807,15.496038357703076,9.25806248800257,6.237975869700506
Pharmaceuticals,Canada,284765732.1688873,72848503,4810433661,5.919751777840541,1.514385357615682,4.405366420224859
Pharmaceuticals,Mexico,74204899.66639212,8954109,1212029885,6.122365511341506,0.7387696550073103,5.383595856334196
Pharmaceuticals,EU,2442183284.783048,121037335,159751579069,1.5287381189066174,0.07576597095651962,1.4529721479500977
Pharmaceuticals,Japan,165416386.93004334,18151684,8595309027,1.9244960990981175,0.21118128438408734,1.71331481471403
Pharmaceuticals,S. Korea,25616460.462346323,14815663,6697823972,0.38245944607435145,0.22120114027983298,0.16125830579451847
Pharmaceuticals,UK,408122210.2193043,24296553,6859958421,5.949339415381048,0.3541793041430447,5.595160111238004
Pharmaceuticals,ROW,2312948088.69521,98278122,59771531524,3.8696483588788326,0.16442296105552942,3.705225397823303
Steel & Aluminum,China,8191240854.207499,7055426007,12756140896,64.21409829971432,55.310035100132836,8.904063199581486
Steel & Aluminum,Canada,6188068299.089573,4864312482,22687081368,27.275735466871502,21.440891417884565,5.8348440489869375
Steel & Aluminum,Mexico,3817709091.2443404,1663052941,12568863457,30.37433817548664,13.231530016135174,17.142808159351464
Steel & Aluminum,EU,6384800606.49346,4646282057,17605703595,36.26552368123894,26.390777465545533,9.874746215693406
Steel & Aluminum,Japan,1169343757.374725,918981290,3202264495,36.516151592116536,28.697857139374115,7.818294452742421
Steel & Aluminum,S. Korea,2340409111.0124435,2011140515,6437843429,36.35393026909918,31.239351145767046,5.114579123332135
Steel & Aluminum,UK,288838075.46764517,228519634,1398142629,20.658698867813804,16.344515163195126,4.314183704618678
Steel & Aluminum,ROW,12021658873.706009,9378579002,36694479081,32.76149212302265,25.558556046803577,7.202936076219071
