date,revision,weighted_etr,matched_imports_b,total_imports_b
2025-01-01,basic,2.643515964173149,3077.116730939,3123.773412637
2025-01-02,basic,2.643515964173149,3077.116730939,3123.773412637
2025-01-03,basic,2.643515964173149,3077.116730939,3123.773412637
2025-01-04,basic,2.643515964173149,3077.116730939,3123.773412637
2025-01-05,basic,2.643515964173149,3077.116730939,3123.773412637
2025-01-06,basic,2.643515964173149,3077.116730939,3123.773412637
2025-01-07,basic,2.643515964173149,3077.116730939,3123.773412637
2025-01-08,basic,2.643515964173149,3077.116730939,3123.773412637
2025-01-09,basic,2.643515964173149,3077.116730939,3123.773412637
2025-01-10,basic,2.643515964173149,3077.116730939,3123.773412637
2025-01-11,basic,2.643515964173149,3077.116730939,3123.773412637
2025-01-12,basic,2.643515964173149,3077.116730939,3123.773412637
2025-01-13,basic,2.643515964173149,3077.116730939,3123.773412637
2025-01-14,basic,2.643515964173149,3077.116730939,3123.773412637
2025-01-15,basic,2.643515964173149,3077.116730939,3123.773412637
2025-01-16,basic,2.643515964173149,3077.116730939,3123.773412637
2025-01-17,basic,2.643515964173149,3077.116730939,3123.773412637
2025-01-18,basic,2.643515964173149,3077.116730939,3123.773412637
2025-01-19,basic,2.643515964173149,3077.116730939,3123.773412637
2025-01-20,basic,2.643515964173149,3077.116730939,3123.773412637
2025-01-21,basic,2.643515964173149,3077.116730939,3123.773412637
2025-01-22,basic,2.643515964173149,3077.116730939,3123.773412637
2025-01-23,basic,2.643515964173149,3077.116730939,3123.773412637
2025-01-24,basic,2.643515964173149,3077.116730939,3123.773412637
2025-01-25,basic,2.643515964173149,3077.116730939,3123.773412637
2025-01-26,basic,2.643515964173149,3077.116730939,3123.773412637
2025-01-27,basic,2.643515964173149,3077.116730939,3123.773412637
2025-01-28,basic,2.643515964173149,3077.116730939,3123.773412637
2025-01-29,basic,2.643515964173149,3077.116730939,3123.773412637
2025-01-30,basic,2.643515964173149,3077.116730939,3123.773412637
2025-01-31,basic,2.643515964173149,3077.116730939,3123.773412637
2025-02-01,basic,2.643515964173149,3077.116730939,3123.773412637
2025-02-02,basic,2.643515964173149,3077.116730939,3123.773412637
2025-02-03,basic,2.643515964173149,3077.116730939,3123.773412637
2025-02-04,rev_1,3.980293582546288,3077.403446361,3123.773412637
2025-02-05,rev_2,3.980293582546288,3077.403446361,3123.773412637
2025-02-06,rev_2,3.980293582546288,3077.403446361,3123.773412637
2025-02-07,rev_2,3.980293582546288,3077.403446361,3123.773412637
2025-02-08,rev_2,3.980293582546288,3077.403446361,3123.773412637
2025-02-09,rev_2,3.980293582546288,3077.403446361,3123.773412637
2025-02-10,rev_2,3.980293582546288,3077.403446361,3123.773412637
2025-02-11,rev_2,3.980293582546288,3077.403446361,3123.773412637
2025-02-12,rev_2,3.980293582546288,3077.403446361,3123.773412637
2025-02-13,rev_2,3.980293582546288,3077.403446361,3123.773412637
2025-02-14,rev_2,3.980293582546288,3077.403446361,3123.773412637
2025-02-15,rev_2,3.980293582546288,3077.403446361,3123.773412637
2025-02-16,rev_2,3.980293582546288,3077.403446361,3123.773412637
2025-02-17,rev_2,3.980293582546288,3077.403446361,3123.773412637
2025-02-18,rev_2,3.980293582546288,3077.403446361,3123.773412637
2025-02-19,rev_2,3.980293582546288,3077.403446361,3123.773412637
2025-02-20,rev_2,3.980293582546288,3077.403446361,3123.773412637
2025-02-21,rev_2,3.980293582546288,3077.403446361,3123.773412637
2025-02-22,rev_2,3.980293582546288,3077.403446361,3123.773412637
2025-02-23,rev_2,3.980293582546288,3077.403446361,3123.773412637
2025-02-24,rev_2,3.980293582546288,3077.403446361,3123.773412637
2025-02-25,rev_2,3.980293582546288,3077.403446361,3123.773412637
2025-02-26,rev_2,3.980293582546288,3077.403446361,3123.773412637
2025-02-27,rev_2,3.980293582546288,3077.403446361,3123.773412637
2025-02-28,rev_2,3.980293582546288,3077.403446361,3123.773412637
2025-03-01,rev_2,3.980293582546288,3077.403446361,3123.773412637
2025-03-02,rev_2,3.980293582546288,3077.403446361,3123.773412637
2025-03-03,rev_2,3.980293582546288,3077.403446361,3123.773412637
2025-03-04,rev_3,5.955500917327307,3077.403446361,3123.773412637
2025-03-05,rev_3,5.955500917327307,3077.403446361,3123.773412637
2025-03-06,rev_3,5.955500917327307,3077.403446361,3123.773412637
2025-03-07,rev_4,6.056436341052444,3077.403446361,3123.773412637
2025-03-08,rev_4,6.056436341052444,3077.403446361,3123.773412637
2025-03-09,rev_4,6.056436341052444,3077.403446361,3123.773412637
2025-03-10,rev_4,6.056436341052444,3077.403446361,3123.773412637
2025-03-11,rev_4,6.056436341052444,3077.403446361,3123.773412637
2025-03-12,bnd_2025-03-12,6.680922708658117,3077.403446361,3123.773412637
2025-03-13,bnd_2025-03-12,6.680922708658117,3077.403446361,3123.773412637
2025-03-14,rev_5,6.688664631668018,3077.403446361,3123.773412637
2025-03-15,rev_5,6.688664631668018,3077.403446361,3123.773412637
2025-03-16,rev_5,6.688664631668018,3077.403446361,3123.773412637
2025-03-17,rev_5,6.688664631668018,3077.403446361,3123.773412637
2025-03-18,rev_5,6.688664631668018,3077.403446361,3123.773412637
2025-03-19,rev_5,6.688664631668018,3077.403446361,3123.773412637
2025-03-20,rev_5,6.688664631668018,3077.403446361,3123.773412637
2025-03-21,rev_5,6.688664631668018,3077.403446361,3123.773412637
2025-03-22,rev_5,6.688664631668018,3077.403446361,3123.773412637
2025-03-23,rev_5,6.688664631668018,3077.403446361,3123.773412637
2025-03-24,rev_5,6.688664631668018,3077.403446361,3123.773412637
2025-03-25,rev_5,6.688664631668018,3077.403446361,3123.773412637
2025-03-26,rev_5,6.688664631668018,3077.403446361,3123.773412637
2025-03-27,rev_5,6.688664631668018,3077.403446361,3123.773412637
2025-03-28,rev_5,6.688664631668018,3077.403446361,3123.773412637
2025-03-29,rev_5,6.688664631668018,3077.403446361,3123.773412637
2025-03-30,rev_5,6.688664631668018,3077.403446361,3123.773412637
2025-03-31,rev_5,6.688664631668018,3077.403446361,3123.773412637
2025-04-01,rev_5,6.688664631668018,3077.403446361,3123.773412637
2025-04-02,rev_5,6.688664631668018,3077.403446361,3123.773412637
2025-04-03,rev_6,8.25981714772013,3077.403446361,3123.773412637
2025-04-04,rev_6,8.25981714772013,3077.403446361,3123.773412637
2025-04-05,rev_7,14.451265475557944,3077.403446361,3123.773412637
2025-04-06,rev_7,14.451265475557944,3077.403446361,3123.773412637
2025-04-07,rev_7,14.451265475557944,3077.403446361,3123.773412637
2025-04-08,rev_7,14.451265475557944,3077.403446361,3123.773412637
2025-04-09,rev_8,18.982755780703325,3077.403446361,3123.773412637
2025-04-10,rev_9,22.695277482581545,3077.403446361,3123.773412637
2025-04-11,rev_9,22.695277482581545,3077.403446361,3123.773412637
2025-04-12,rev_9,22.695277482581545,3077.403446361,3123.773412637
2025-04-13,rev_9,22.695277482581545,3077.403446361,3123.773412637
2025-04-14,rev_9,22.695277482581545,3077.403446361,3123.773412637
2025-04-15,rev_10,22.687535559571646,3077.403446361,3123.773412637
2025-04-16,rev_10,22.687535559571646,3077.403446361,3123.773412637
2025-04-17,rev_10,22.687535559571646,3077.403446361,3123.773412637
2025-04-18,rev_10,22.687535559571646,3077.403446361,3123.773412637
2025-04-19,rev_10,22.687535559571646,3077.403446361,3123.773412637
2025-04-20,rev_10,22.687535559571646,3077.403446361,3123.773412637
2025-04-21,rev_10,22.687535559571646,3077.403446361,3123.773412637
2025-04-22,rev_10,22.687535559571646,3077.403446361,3123.773412637
2025-04-23,rev_10,22.687535559571646,3077.403446361,3123.773412637
2025-04-24,rev_10,22.687535559571646,3077.403446361,3123.773412637
2025-04-25,rev_10,22.687535559571646,3077.403446361,3123.773412637
2025-04-26,rev_10,22.687535559571646,3077.403446361,3123.773412637
2025-04-27,rev_10,22.687535559571646,3077.403446361,3123.773412637
2025-04-28,rev_10,22.687535559571646,3077.403446361,3123.773412637
2025-04-29,rev_10,22.687535559571646,3077.403446361,3123.773412637
2025-04-30,rev_10,22.687535559571646,3077.403446361,3123.773412637
2025-05-01,rev_10,22.687535559571646,3077.403446361,3123.773412637
2025-05-02,rev_10,22.687535559571646,3077.403446361,3123.773412637
2025-05-03,rev_11,22.043672450611467,3077.403446361,3123.773412637
2025-05-04,rev_11,22.043672450611467,3077.403446361,3123.773412637
2025-05-05,rev_11,22.043672450611467,3077.403446361,3123.773412637
2025-05-06,rev_11,22.043672450611467,3077.403446361,3123.773412637
2025-05-07,rev_11,22.043672450611467,3077.403446361,3123.773412637
2025-05-08,rev_11,22.043672450611467,3077.403446361,3123.773412637
2025-05-09,rev_11,22.043672450611467,3077.403446361,3123.773412637
2025-05-10,rev_11,22.043672450611467,3077.403446361,3123.773412637
2025-05-11,rev_11,22.043672450611467,3077.403446361,3123.773412637
2025-05-12,rev_11,22.043672450611467,3077.403446361,3123.773412637
2025-05-13,rev_11,22.043672450611467,3077.403446361,3123.773412637
2025-05-14,rev_12,12.744123324452078,3077.403446361,3123.773412637
2025-05-15,rev_12,12.744123324452078,3077.403446361,3123.773412637
2025-05-16,rev_13,12.744123324452078,3077.403446361,3123.773412637
2025-05-17,rev_13,12.744123324452078,3077.403446361,3123.773412637
2025-05-18,rev_13,12.744123324452078,3077.403446361,3123.773412637
2025-05-19,rev_13,12.744123324452078,3077.403446361,3123.773412637
2025-05-20,rev_13,12.744123324452078,3077.403446361,3123.773412637
2025-05-21,rev_13,12.744123324452078,3077.403446361,3123.773412637
2025-05-22,rev_13,12.744123324452078,3077.403446361,3123.773412637
2025-05-23,rev_13,12.744123324452078,3077.403446361,3123.773412637
2025-05-24,rev_13,12.744123324452078,3077.403446361,3123.773412637
2025-05-25,rev_13,12.744123324452078,3077.403446361,3123.773412637
2025-05-26,rev_13,12.744123324452078,3077.403446361,3123.773412637
2025-05-27,rev_13,12.744123324452078,3077.403446361,3123.773412637
2025-05-28,rev_13,12.744123324452078,3077.403446361,3123.773412637
2025-05-29,rev_13,12.744123324452078,3077.403446361,3123.773412637
2025-05-30,rev_13,12.744123324452078,3077.403446361,3123.773412637
2025-05-31,rev_13,12.744123324452078,3077.403446361,3123.773412637
2025-06-01,bnd_2025-06-01,12.810250619471732,3077.403446361,3123.773412637
2025-06-02,bnd_2025-06-01,12.810250619471732,3077.403446361,3123.773412637
2025-06-03,bnd_2025-06-01,12.810250619471732,3077.403446361,3123.773412637
2025-06-04,rev_14,13.662512650975762,3077.403446361,3123.773412637
2025-06-05,rev_14,13.662512650975762,3077.403446361,3123.773412637
2025-06-06,rev_14,13.662512650975762,3077.403446361,3123.773412637
2025-06-07,rev_14,13.662512650975762,3077.403446361,3123.773412637
2025-06-08,rev_14,13.662512650975762,3077.403446361,3123.773412637
2025-06-09,rev_14,13.662512650975762,3077.403446361,3123.773412637
2025-06-10,rev_14,13.662512650975762,3077.403446361,3123.773412637
2025-06-11,rev_14,13.662512650975762,3077.403446361,3123.773412637
2025-06-12,rev_14,13.662512650975762,3077.403446361,3123.773412637
2025-06-13,rev_14,13.662512650975762,3077.403446361,3123.773412637
2025-06-14,rev_14,13.662512650975762,3077.403446361,3123.773412637
2025-06-15,rev_14,13.662512650975762,3077.403446361,3123.773412637
2025-06-16,rev_14,13.662512650975762,3077.403446361,3123.773412637
2025-06-17,rev_14,13.662512650975762,3077.403446361,3123.773412637
2025-06-18,rev_14,13.662512650975762,3077.403446361,3123.773412637
2025-06-19,rev_14,13.662512650975762,3077.403446361,3123.773412637
2025-06-20,rev_14,13.662512650975762,3077.403446361,3123.773412637
2025-06-21,rev_14,13.662512650975762,3077.403446361,3123.773412637
2025-06-22,rev_14,13.662512650975762,3077.403446361,3123.773412637
2025-06-23,rev_15,13.670254573985662,3077.403446361,3123.773412637
2025-06-24,rev_15,13.670254573985662,3077.403446361,3123.773412637
2025-06-25,rev_15,13.670254573985662,3077.403446361,3123.773412637
2025-06-26,rev_15,13.670254573985662,3077.403446361,3123.773412637
2025-06-27,rev_15,13.670254573985662,3077.403446361,3123.773412637
2025-06-28,rev_15,13.670254573985662,3077.403446361,3123.773412637
2025-06-29,rev_15,13.670254573985662,3077.403446361,3123.773412637
2025-06-30,rev_15,13.670254573985662,3077.403446361,3123.773412637
2025-07-01,rev_16,13.465258610857001,3050.36806552,3123.773412637
2025-07-02,rev_16,13.465258610857001,3050.36806552,3123.773412637
2025-07-03,rev_16,13.465258610857001,3050.36806552,3123.773412637
2025-07-04,rev_16,13.465258610857001,3050.36806552,3123.773412637
2025-07-05,rev_16,13.465258610857001,3050.36806552,3123.773412637
2025-07-06,rev_16,13.465258610857001,3050.36806552,3123.773412637
2025-07-07,rev_16,13.465258610857001,3050.36806552,3123.773412637
2025-07-08,rev_16,13.465258610857001,3050.36806552,3123.773412637
2025-07-09,rev_16,13.465258610857001,3050.36806552,3123.773412637
2025-07-10,rev_16,13.465258610857001,3050.36806552,3123.773412637
2025-07-11,rev_16,13.465258610857001,3050.36806552,3123.773412637
2025-07-12,rev_16,13.465258610857001,3050.36806552,3123.773412637
2025-07-13,rev_16,13.465258610857001,3050.36806552,3123.773412637
2025-07-14,rev_16,13.465258610857001,3050.36806552,3123.773412637
2025-07-15,rev_16,13.465258610857001,3050.36806552,3123.773412637
2025-07-16,rev_16,13.465258610857001,3050.36806552,3123.773412637
2025-07-17,rev_16,13.465258610857001,3050.36806552,3123.773412637
2025-07-18,rev_16,13.465258610857001,3050.36806552,3123.773412637
2025-07-19,rev_16,13.465258610857001,3050.36806552,3123.773412637
2025-07-20,rev_16,13.465258610857001,3050.36806552,3123.773412637
2025-07-21,rev_16,13.465258610857001,3050.36806552,3123.773412637
2025-07-22,rev_16,13.465258610857001,3050.36806552,3123.773412637
2025-07-23,rev_16,13.465258610857001,3050.36806552,3123.773412637
2025-07-24,rev_16,13.465258610857001,3050.36806552,3123.773412637
2025-07-25,rev_16,13.465258610857001,3050.36806552,3123.773412637
2025-07-26,rev_16,13.465258610857001,3050.36806552,3123.773412637
2025-07-27,rev_16,13.465258610857001,3050.36806552,3123.773412637
2025-07-28,rev_16,13.465258610857001,3050.36806552,3123.773412637
2025-07-29,rev_16,13.465258610857001,3050.36806552,3123.773412637
2025-07-30,rev_16,13.465258610857001,3050.36806552,3123.773412637
2025-07-31,rev_16,13.465258610857001,3050.36806552,3123.773412637
2025-08-01,rev_17,13.66867045805599,3050.36806552,3123.773412637
2025-08-02,rev_17,13.66867045805599,3050.36806552,3123.773412637
2025-08-03,rev_17,13.66867045805599,3050.36806552,3123.773412637
2025-08-04,rev_17,13.66867045805599,3050.36806552,3123.773412637
2025-08-05,rev_17,13.66867045805599,3050.36806552,3123.773412637
2025-08-06,rev_17,13.66867045805599,3050.36806552,3123.773412637
2025-08-07,rev_18,15.654584910667351,3050.36806552,3123.773412637
2025-08-08,rev_18,15.654584910667351,3050.36806552,3123.773412637
2025-08-09,rev_18,15.654584910667351,3050.36806552,3123.773412637
2025-08-10,rev_18,15.654584910667351,3050.36806552,3123.773412637
2025-08-11,rev_18,15.654584910667351,3050.36806552,3123.773412637
2025-08-12,rev_18,15.654584910667351,3050.36806552,3123.773412637
2025-08-13,rev_18,15.654584910667351,3050.36806552,3123.773412637
2025-08-14,rev_18,15.654584910667351,3050.36806552,3123.773412637
2025-08-15,rev_18,15.654584910667351,3050.36806552,3123.773412637
2025-08-16,rev_18,15.654584910667351,3050.36806552,3123.773412637
2025-08-17,rev_18,15.654584910667351,3050.36806552,3123.773412637
2025-08-18,rev_19,16.220968297362813,3050.36806552,3123.773412637
2025-08-19,rev_19,16.220968297362813,3050.36806552,3123.773412637
2025-08-20,rev_19,16.220968297362813,3050.36806552,3123.773412637
2025-08-21,rev_19,16.220968297362813,3050.36806552,3123.773412637
2025-08-22,rev_19,16.220968297362813,3050.36806552,3123.773412637
2025-08-23,rev_19,16.220968297362813,3050.36806552,3123.773412637
2025-08-24,rev_19,16.220968297362813,3050.36806552,3123.773412637
2025-08-25,rev_19,16.220968297362813,3050.36806552,3123.773412637
2025-08-26,rev_19,16.220968297362813,3050.36806552,3123.773412637
2025-08-27,rev_20,16.60370077996946,3050.36806552,3123.773412637
2025-08-28,rev_20,16.60370077996946,3050.36806552,3123.773412637
2025-08-29,rev_20,16.60370077996946,3050.36806552,3123.773412637
2025-08-30,rev_20,16.60370077996946,3050.36806552,3123.773412637
2025-08-31,rev_20,16.60370077996946,3050.36806552,3123.773412637
2025-09-01,bnd_2025-09-01,16.669828074989116,3050.36806552,3123.773412637
2025-09-02,rev_21,16.60370077996946,3050.36806552,3123.773412637
2025-09-03,rev_21,16.60370077996946,3050.36806552,3123.773412637
2025-09-04,rev_21,16.60370077996946,3050.36806552,3123.773412637
2025-09-05,rev_21,16.60370077996946,3050.36806552,3123.773412637
2025-09-06,rev_21,16.60370077996946,3050.36806552,3123.773412637
2025-09-07,rev_21,16.60370077996946,3050.36806552,3123.773412637
2025-09-08,rev_22,16.41257733617432,3050.36806552,3123.773412637
2025-09-09,rev_22,16.41257733617432,3050.36806552,3123.773412637
2025-09-10,rev_22,16.41257733617432,3050.36806552,3123.773412637
2025-09-11,rev_22,16.41257733617432,3050.36806552,3123.773412637
2025-09-12,rev_22,16.41257733617432,3050.36806552,3123.773412637
2025-09-13,rev_22,16.41257733617432,3050.36806552,3123.773412637
2025-09-14,rev_22,16.41257733617432,3050.36806552,3123.773412637
2025-09-15,rev_22,16.41257733617432,3050.36806552,3123.773412637
2025-09-16,rev_23,16.19362531071542,3050.36806552,3123.773412637
2025-09-17,rev_23,16.19362531071542,3050.36806552,3123.773412637
2025-09-18,rev_23,16.19362531071542,3050.36806552,3123.773412637
2025-09-19,rev_23,16.19362531071542,3050.36806552,3123.773412637
2025-09-20,rev_23,16.19362531071542,3050.36806552,3123.773412637
2025-09-21,rev_23,16.19362531071542,3050.36806552,3123.773412637
2025-09-22,rev_23,16.19362531071542,3050.36806552,3123.773412637
2025-09-23,rev_23,16.19362531071542,3050.36806552,3123.773412637
2025-09-24,rev_23,16.19362531071542,3050.36806552,3123.773412637
2025-09-25,rev_24,15.607550167217846,3050.36806552,3123.773412637
2025-09-26,rev_24,15.607550167217846,3050.36806552,3123.773412637
2025-09-27,rev_24,15.607550167217846,3050.36806552,3123.773412637
2025-09-28,rev_24,15.607550167217846,3050.36806552,3123.773412637
2025-09-29,rev_24,15.607550167217846,3050.36806552,3123.773412637
2025-09-30,rev_24,15.607550167217846,3050.36806552,3123.773412637
2025-10-01,rev_24,15.607550167217846,3050.36806552,3123.773412637
2025-10-02,rev_24,15.607550167217846,3050.36806552,3123.773412637
2025-10-03,rev_24,15.607550167217846,3050.36806552,3123.773412637
2025-10-04,rev_24,15.607550167217846,3050.36806552,3123.773412637
2025-10-05,rev_24,15.607550167217846,3050.36806552,3123.773412637
2025-10-06,rev_24,15.607550167217846,3050.36806552,3123.773412637
2025-10-07,rev_24,15.607550167217846,3050.36806552,3123.773412637
2025-10-08,rev_24,15.607550167217846,3050.36806552,3123.773412637
2025-10-09,rev_24,15.607550167217846,3050.36806552,3123.773412637
2025-10-10,rev_24,15.607550167217846,3050.36806552,3123.773412637
2025-10-11,rev_24,15.607550167217846,3050.36806552,3123.773412637
2025-10-12,rev_24,15.607550167217846,3050.36806552,3123.773412637
2025-10-13,rev_24,15.607550167217846,3050.36806552,3123.773412637
2025-10-14,rev_25,15.686580434249766,3050.36806552,3123.773412637
2025-10-15,rev_25,15.686580434249766,3050.36806552,3123.773412637
2025-10-16,rev_25,15.686580434249766,3050.36806552,3123.773412637
2025-10-17,rev_25,15.686580434249766,3050.36806552,3123.773412637
2025-10-18,rev_25,15.686580434249766,3050.36806552,3123.773412637
2025-10-19,rev_25,15.686580434249766,3050.36806552,3123.773412637
2025-10-20,rev_25,15.686580434249766,3050.36806552,3123.773412637
2025-10-21,rev_25,15.686580434249766,3050.36806552,3123.773412637
2025-10-22,rev_25,15.686580434249766,3050.36806552,3123.773412637
2025-10-23,rev_25,15.686580434249766,3050.36806552,3123.773412637
2025-10-24,rev_25,15.686580434249766,3050.36806552,3123.773412637
2025-10-25,rev_25,15.686580434249766,3050.36806552,3123.773412637
2025-10-26,rev_25,15.686580434249766,3050.36806552,3123.773412637
2025-10-27,rev_25,15.686580434249766,3050.36806552,3123.773412637
2025-10-28,rev_25,15.686580434249766,3050.36806552,3123.773412637
2025-10-29,rev_25,15.686580434249766,3050.36806552,3123.773412637
2025-10-30,rev_25,15.686580434249766,3050.36806552,3123.773412637
2025-10-31,rev_25,15.686580434249766,3050.36806552,3123.773412637
2025-11-01,rev_26,15.849712817727573,3050.36806552,3123.773412637
2025-11-02,rev_26,15.849712817727573,3050.36806552,3123.773412637
2025-11-03,rev_26,15.849712817727573,3050.36806552,3123.773412637
2025-11-04,rev_26,15.849712817727573,3050.36806552,3123.773412637
2025-11-05,rev_26,15.849712817727573,3050.36806552,3123.773412637
2025-11-06,rev_26,15.849712817727573,3050.36806552,3123.773412637
2025-11-07,rev_26,15.849712817727573,3050.36806552,3123.773412637
2025-11-08,rev_26,15.849712817727573,3050.36806552,3123.773412637
2025-11-09,rev_27,14.535455589454921,3050.36806552,3123.773412637
2025-11-10,rev_28,14.519108205568685,3050.36806552,3123.773412637
2025-11-11,rev_28,14.519108205568685,3050.36806552,3123.773412637
2025-11-12,rev_28,14.519108205568685,3050.36806552,3123.773412637
2025-11-13,rev_29,14.332503121093326,3050.36806552,3123.773412637
2025-11-14,bnd_2025-11-14,14.220495894408788,3050.36806552,3123.773412637
2025-11-15,bnd_2025-11-14,14.220495894408788,3050.36806552,3123.773412637
2025-11-16,bnd_2025-11-14,14.220495894408788,3050.36806552,3123.773412637
2025-11-17,bnd_2025-11-14,14.220495894408788,3050.36806552,3123.773412637
2025-11-18,bnd_2025-11-14,14.220495894408788,3050.36806552,3123.773412637
2025-11-19,bnd_2025-11-14,14.220495894408788,3050.36806552,3123.773412637
2025-11-20,bnd_2025-11-14,14.220495894408788,3050.36806552,3123.773412637
2025-11-21,rev_30,14.220483761020741,3050.36806552,3123.773412637
2025-11-22,rev_30,14.220483761020741,3050.36806552,3123.773412637
2025-11-23,rev_30,14.220483761020741,3050.36806552,3123.773412637
2025-11-24,rev_30,14.220483761020741,3050.36806552,3123.773412637
2025-11-25,rev_30,14.220483761020741,3050.36806552,3123.773412637
2025-11-26,rev_30,14.220483761020741,3050.36806552,3123.773412637
2025-11-27,rev_30,14.220483761020741,3050.36806552,3123.773412637
2025-11-28,rev_30,14.220483761020741,3050.36806552,3123.773412637
2025-11-29,rev_30,14.220483761020741,3050.36806552,3123.773412637
2025-11-30,rev_31,14.220483761020741,3050.36806552,3123.773412637
2025-12-01,rev_31,14.220483761020741,3050.36806552,3123.773412637
2025-12-02,rev_31,14.220483761020741,3050.36806552,3123.773412637
2025-12-03,rev_31,14.220483761020741,3050.36806552,3123.773412637
2025-12-04,rev_31,14.220483761020741,3050.36806552,3123.773412637
2025-12-05,rev_32,14.008917781354816,3050.36806552,3123.773412637
2025-12-06,rev_32,14.008917781354816,3050.36806552,3123.773412637
2025-12-07,rev_32,14.008917781354816,3050.36806552,3123.773412637
2025-12-08,rev_32,14.008917781354816,3050.36806552,3123.773412637
2025-12-09,rev_32,14.008917781354816,3050.36806552,3123.773412637
2025-12-10,rev_32,14.008917781354816,3050.36806552,3123.773412637
2025-12-11,rev_32,14.008917781354816,3050.36806552,3123.773412637
2025-12-12,rev_32,14.008917781354816,3050.36806552,3123.773412637
2025-12-13,rev_32,14.008917781354816,3050.36806552,3123.773412637
2025-12-14,rev_32,14.008917781354816,3050.36806552,3123.773412637
2025-12-15,rev_32,14.008917781354816,3050.36806552,3123.773412637
2025-12-16,rev_32,14.008917781354816,3050.36806552,3123.773412637
2025-12-17,rev_32,14.008917781354816,3050.36806552,3123.773412637
2025-12-18,rev_32,14.008917781354816,3050.36806552,3123.773412637
2025-12-19,rev_32,14.008917781354816,3050.36806552,3123.773412637
2025-12-20,rev_32,14.008917781354816,3050.36806552,3123.773412637
2025-12-21,rev_32,14.008917781354816,3050.36806552,3123.773412637
2025-12-22,rev_32,14.008917781354816,3050.36806552,3123.773412637
2025-12-23,rev_32,14.008917781354816,3050.36806552,3123.773412637
2025-12-24,rev_32,14.008917781354816,3050.36806552,3123.773412637
2025-12-25,rev_32,14.008917781354816,3050.36806552,3123.773412637
2025-12-26,rev_32,14.008917781354816,3050.36806552,3123.773412637
2025-12-27,rev_32,14.008917781354816,3050.36806552,3123.773412637
2025-12-28,rev_32,14.008917781354816,3050.36806552,3123.773412637
2025-12-29,rev_32,14.008917781354816,3050.36806552,3123.773412637
2025-12-30,rev_32,14.008917781354816,3050.36806552,3123.773412637
2025-12-31,rev_32,14.008917781354816,3050.36806552,3123.773412637
2026-01-01,2026_basic,14.1571207770477,3050.36806552,3123.773412637
2026-01-02,2026_basic,14.1571207770477,3050.36806552,3123.773412637
2026-01-03,2026_basic,14.1571207770477,3050.36806552,3123.773412637
2026-01-04,2026_basic,14.1571207770477,3050.36806552,3123.773412637
2026-01-05,2026_basic,14.1571207770477,3050.36806552,3123.773412637
2026-01-06,2026_basic,14.1571207770477,3050.36806552,3123.773412637
2026-01-07,2026_basic,14.1571207770477,3050.36806552,3123.773412637
2026-01-08,2026_basic,14.1571207770477,3050.36806552,3123.773412637
2026-01-09,2026_basic,14.1571207770477,3050.36806552,3123.773412637
2026-01-10,2026_basic,14.1571207770477,3050.36806552,3123.773412637
2026-01-11,2026_basic,14.1571207770477,3050.36806552,3123.773412637
2026-01-12,2026_basic,14.1571207770477,3050.36806552,3123.773412637
2026-01-13,2026_basic,14.1571207770477,3050.36806552,3123.773412637
2026-01-14,2026_basic,14.1571207770477,3050.36806552,3123.773412637
2026-01-15,2026_rev_1,14.214054914143407,3050.36806552,3123.773412637
2026-01-16,2026_rev_1,14.214054914143407,3050.36806552,3123.773412637
2026-01-17,2026_rev_1,14.214054914143407,3050.36806552,3123.773412637
2026-01-18,2026_rev_1,14.214054914143407,3050.36806552,3123.773412637
2026-01-19,2026_rev_1,14.214054914143407,3050.36806552,3123.773412637
2026-01-20,2026_rev_1,14.214054914143407,3050.36806552,3123.773412637
2026-01-21,2026_rev_1,14.214054914143407,3050.36806552,3123.773412637
2026-01-22,2026_rev_1,14.214054914143407,3050.36806552,3123.773412637
2026-01-23,2026_rev_1,14.214054914143407,3050.36806552,3123.773412637
2026-01-24,2026_rev_1,14.214054914143407,3050.36806552,3123.773412637
2026-01-25,2026_rev_1,14.214054914143407,3050.36806552,3123.773412637
2026-01-26,2026_rev_1,14.214054914143407,3050.36806552,3123.773412637
2026-01-27,2026_rev_1,14.214054914143407,3050.36806552,3123.773412637
2026-01-28,2026_rev_1,14.214054914143407,3050.36806552,3123.773412637
2026-01-29,2026_rev_1,14.214054914143407,3050.36806552,3123.773412637
2026-01-30,2026_rev_1,14.214054914143407,3050.36806552,3123.773412637
2026-01-31,2026_rev_1,14.214054914143407,3050.36806552,3123.773412637
2026-02-01,2026_rev_2,13.655958775168505,2959.417711717,3123.773412637
2026-02-02,2026_rev_2,13.655958775168505,2959.417711717,3123.773412637
2026-02-03,2026_rev_2,13.655958775168505,2959.417711717,3123.773412637
2026-02-04,2026_rev_2,13.655958775168505,2959.417711717,3123.773412637
2026-02-05,2026_rev_2,13.655958775168505,2959.417711717,3123.773412637
2026-02-06,2026_rev_2,13.655958775168505,2959.417711717,3123.773412637
2026-02-07,2026_rev_3,13.28178998434503,2959.787849956,3123.773412637
2026-02-08,2026_rev_3,13.28178998434503,2959.787849956,3123.773412637
2026-02-09,2026_rev_3,13.28178998434503,2959.787849956,3123.773412637
2026-02-10,2026_rev_3,13.28178998434503,2959.787849956,3123.773412637
2026-02-11,2026_rev_3,13.28178998434503,2959.787849956,3123.773412637
2026-02-12,2026_rev_3,13.28178998434503,2959.787849956,3123.773412637
2026-02-13,2026_rev_3,13.28178998434503,2959.787849956,3123.773412637
2026-02-14,2026_rev_3,13.28178998434503,2959.787849956,3123.773412637
2026-02-15,2026_rev_3,13.28178998434503,2959.787849956,3123.773412637
2026-02-16,2026_rev_3,13.28178998434503,2959.787849956,3123.773412637
2026-02-17,2026_rev_3,13.28178998434503,2959.787849956,3123.773412637
2026-02-18,2026_rev_3,13.28178998434503,2959.787849956,3123.773412637
2026-02-19,2026_rev_3,13.28178998434503,2959.787849956,3123.773412637
2026-02-20,bnd_2026-02-20,6.989689092501266,2959.787849956,3123.773412637
2026-02-21,bnd_2026-02-20,6.989689092501266,2959.787849956,3123.773412637
2026-02-22,bnd_2026-02-20,6.989689092501266,2959.787849956,3123.773412637
2026-02-23,bnd_2026-02-20,6.989689092501266,2959.787849956,3123.773412637
2026-02-24,2026_rev_4,9.844437032589665,2959.787849956,3123.773412637
2026-02-25,2026_rev_4,9.844437032589665,2959.787849956,3123.773412637
2026-02-26,2026_rev_4,9.844437032589665,2959.787849956,3123.773412637
2026-02-27,2026_rev_4,9.844437032589665,2959.787849956,3123.773412637
2026-02-28,2026_rev_4,9.844437032589665,2959.787849956,3123.773412637
2026-03-01,2026_rev_4,9.844437032589665,2959.787849956,3123.773412637
2026-03-02,2026_rev_4,9.844437032589665,2959.787849956,3123.773412637
2026-03-03,2026_rev_4,9.844437032589665,2959.787849956,3123.773412637
2026-03-04,2026_rev_4,9.844437032589665,2959.787849956,3123.773412637
2026-03-05,2026_rev_4,9.844437032589665,2959.787849956,3123.773412637
2026-03-06,2026_rev_4,9.844437032589665,2959.787849956,3123.773412637
2026-03-07,2026_rev_4,9.844437032589665,2959.787849956,3123.773412637
2026-03-08,2026_rev_4,9.844437032589665,2959.787849956,3123.773412637
2026-03-09,2026_rev_4,9.844437032589665,2959.787849956,3123.773412637
2026-03-10,2026_rev_4,9.844437032589665,2959.787849956,3123.773412637
2026-03-11,2026_rev_4,9.844437032589665,2959.787849956,3123.773412637
2026-03-12,2026_rev_4,9.844437032589665,2959.787849956,3123.773412637
2026-03-13,2026_rev_4,9.844437032589665,2959.787849956,3123.773412637
2026-03-14,2026_rev_4,9.844437032589665,2959.787849956,3123.773412637
2026-03-15,2026_rev_4,9.844437032589665,2959.787849956,3123.773412637
2026-03-16,2026_rev_4,9.844437032589665,2959.787849956,3123.773412637
2026-03-17,2026_rev_4,9.844437032589665,2959.787849956,3123.773412637
2026-03-18,2026_rev_4,9.844437032589665,2959.787849956,3123.773412637
2026-03-19,2026_rev_4,9.844437032589665,2959.787849956,3123.773412637
2026-03-20,2026_rev_4,9.844437032589665,2959.787849956,3123.773412637
2026-03-21,2026_rev_4,9.844437032589665,2959.787849956,3123.773412637
2026-03-22,2026_rev_4,9.844437032589665,2959.787849956,3123.773412637
2026-03-23,2026_rev_4,9.844437032589665,2959.787849956,3123.773412637
2026-03-24,2026_rev_4,9.844437032589665,2959.787849956,3123.773412637
2026-03-25,2026_rev_4,9.844437032589665,2959.787849956,3123.773412637
2026-03-26,2026_rev_4,9.844437032589665,2959.787849956,3123.773412637
2026-03-27,2026_rev_4,9.844437032589665,2959.787849956,3123.773412637
2026-03-28,2026_rev_4,9.844437032589665,2959.787849956,3123.773412637
2026-03-29,2026_rev_4,9.844437032589665,2959.787849956,3123.773412637
2026-03-30,2026_rev_4,9.844437032589665,2959.787849956,3123.773412637
2026-03-31,2026_rev_4,9.844437032589665,2959.787849956,3123.773412637
