partner_group,product_group,n_flows,n_suspect,n_suspect_strict,val_total,val_suspect,val_suspect_strict,share_suspect_value,share_suspect_strict_value,mean_dln_value,mean_dln_qty,mean_dln_uv,mean_world_dln_uv
Canada,Apparel & Textiles,34,1,0,14588002.833333334,550184.6666666666,0,0.0377148724847725,0,-0.11645161434525675,-0.06865110364756843,-0.04780051069768843,-0.5059301608018919
Canada,Autos & Auto Parts,90,3,0,2815000188.3333335,310499454,0,0.11030175247833153,0,-0.17416366670762806,-0.07083262302661746,-0.10333104368100976,-0.4734371952006141
Canada,Chemicals & Plastics,71,7,1,111891401.66666667,5976388,87460.66666666667,0.05341239729755225,7.81656725752877e-4,0.14816146046211984,-0.024891821460494075,0.17305328192261374,-0.7045231210001438
Canada,Electronics & Machinery,487,21,1,2048026984.8333333,47956538.333333336,768700,0.02341596994984712,3.753368513660264e-4,0.11877242617900355,0.11120459149812603,0.007567834680877403,-0.06842258053072273
Canada,Energy & Minerals,10,0,0,696773006.6666667,0,0,0,0,-0.5006988683279502,-0.12716617120565185,-0.373532697122297,2.1587162494610594
Canada,Food & Agriculture,52,1,0,227947871.33333334,3169132,0,0.01390288043254287,0,0.03383570368830554,-0.024997268004534952,0.058832971692841296,0.03336930035897119
Canada,Other Manufactured,318,20,4,1634592055.3333333,51453585.666666664,1785062,0.031477936956064566,0.0010920535152337946,0.5312916139757997,0.4456795527489382,0.08561206122686209,0.23894067442887013
Canada,Pharmaceuticals,28,0,0,132304604.66666667,0,0,0,0,-0.3257743913558639,0.002600112261265041,-0.3283745036171284,-0.35372645732033325
Canada,Steel & Aluminum,352,20,0,997548389.3333334,121797982,0,0.1220973170849368,0,-0.29421341480733076,-0.2201305642291591,-0.07408285057817149,-1.1809093526653174
China,Apparel & Textiles,1267,95,4,2467101114.8333335,195703020.66666666,5433180,0.07932509109173155,0.0022022526629870386,-0.06876668328980236,0.06154223692681498,-0.13030892021661744,-0.14798197389907178
China,Autos & Auto Parts,161,16,1,962024687.1666666,324310023.3333333,5132330,0.33711195529553806,0.0053349254634157284,-0.17867352624257749,-0.1179521090371843,-0.06072141720539296,-0.013125586825659548
China,Chemicals & Plastics,1025,80,27,2187276193.5,140771260.83333334,75956761.5,0.06435916106601804,0.03472664390794505,-0.24266316429803397,-0.18412467915831987,-0.0585384851397139,0.013292219383322812
China,Electronics & Machinery,1587,111,12,7893824341.333333,718869995.1666666,103091495,0.09106739193606675,0.013059765525842317,-0.40946062178352527,-0.2888116287802861,-0.12064899300323921,-0.2064772866337607
China,Energy & Minerals,29,1,0,31066445.166666668,1529782.5,0,0.049242277054647024,0,0.5276616449982682,0.5976628537116568,-0.0700012087133887,-0.06869615218725932
China,Food & Agriculture,342,23,8,360630018.1666667,37987276.333333336,17707494,0.10533586895081307,0.04910155313753279,-0.3618287409384128,-0.2371756106708431,-0.12465313026756936,0.07137985250662572
China,Other Manufactured,1720,126,12,5516112407.666667,772335835.6666666,123883858.33333333,0.14001452084138494,0.02245854492761082,0.05848931379607266,0.12974348285833393,-0.07125416906226115,-0.057923199085628964
China,Pharmaceuticals,73,1,0,295273940,6135636.333333333,0,0.020779471203362317,0,-0.02751884845183209,0.13371964114809667,-0.16123848959992879,-0.27362821475641325
China,Steel & Aluminum,419,32,1,777211470.1666666,54338679.666666664,113598.66666666667,0.06991492245349155,1.4616185044503572e-4,-0.37960418644699934,-0.28292055872303024,-0.09668362772396931,-0.07807703410960701
EU,Apparel & Textiles,1035,25,3,692032354.6666666,6245017.666666667,489612.1666666666,0.009024170076086578,7.074989534304355e-4,0.24962061938522287,0.24820118615211384,0.0014194332331090083,-0.05556633629025838
EU,Autos & Auto Parts,543,27,3,3185019568,222743934.66666666,244087,0.06993487164241707,7.663594988625829e-5,-0.2804216721262929,-0.34693738485556436,0.06651571272927184,-0.14355251349800166
EU,Chemicals & Plastics,2283,102,32,3069461934.6666665,401187142.3333333,250487588.6666667,0.130702758617823,0.081606351210173525,0.08438087663928483,0.09850499626958696,-0.01412411963030212,-0.07731328780118836
EU,Electronics & Machinery,6243,224,22,8763216624.333334,395210837.8333333,20361739.666666668,0.045098832400870745,0.0023235463117649104,0.20424260314883091,0.21049306703482035,-0.006250463885989408,-0.04844572455847722
EU,Energy & Minerals,30,0,0,37189313,0,0,0,0,0.13519770288017224,5.507065423200489e-4,0.13464699633785232,-0.05515913099739529
EU,Food & Agriculture,1449,46,14,2368206863,258383268.16666666,133374844.33333333,0.10910502465116227,0.056318916399210404,0.07640823750664902,0.11971120864850718,-0.04330297114185799,0.02746637986976429
EU,Other Manufactured,4527,175,24,6520782935.333333,274616438.6666667,13010485.333333334,0.0421140285438176,0.001995233618778365,0.10439012873942285,0.15819787393015125,-0.05380774519072833,0.017938752741849716
EU,Pharmaceuticals,151,8,0,1360439987.8333333,16728482.5,0,0.012296376649911732,0,0.16369981539116782,-0.18805641443470816,0.3517562298258759,0.5738749645918891
EU,Steel & Aluminum,1269,52,0,945285688.3333334,29322647,0,0.031019878288541317,0,0.12510813213240696,0.12055864180625037,0.0045494903261567516,-0.08077918409662496
Japan,Apparel & Textiles,81,5,1,43270391.333333336,4320829.666666667,113394.33333333333,0.0998564961749749,0.002620598747531549,0.10865788520193982,0.08930184721239949,0.019356037989540453,0.07137950186352354
Japan,Autos & Auto Parts,118,4,0,3592858139,99690522.33333334,0,0.027746857369960118,0,-0.1133113991673678,-0.09036617730301816,-0.022945221864350364,-0.023402390455948403
Japan,Chemicals & Plastics,408,22,4,809627264.1666666,23430831.166666668,14015567,0.028940269434705315,0.017311135160975523,0.08532477864631499,0.13163949456877422,-0.04631471592245924,-0.09028378835755856
Japan,Electronics & Machinery,961,59,1,3817893971.1666665,126449506,3048408.3333333335,0.03312022464609193,7.984528528962279e-4,0.11384828513680154,0.11820074474042866,-0.004352459603627034,-0.10507950504160933
Japan,Energy & Minerals,3,0,0,2398528,0,0,0,0,-1.0835999512074403,-0.33626145075397784,-0.7473385004534598,0.007596207722139069
Japan,Food & Agriculture,119,4,2,132042991.16666667,1351003,557761.6666666667,0.01023153889550066,0.004224091424607698,0.2583887123046186,0.22544894792053108,0.032939764384087473,-0.008171320859100838
Japan,Other Manufactured,601,30,3,1210135885.3333333,43305297.666666664,281918,0.0357854834250603,2.3296392034713142e-4,0.17299973384456552,0.1368318595324611,0.036167874312104394,-0.11183554312450195
Japan,Pharmaceuticals,11,0,0,116186791.83333334,0,0,0,0,0.2839328014257253,0.23327790273132054,0.050654898694404746,0.3988979594745608
Japan,Steel & Aluminum,195,6,0,220293899.5,3191023.666666667,0,0.014485302016575665,0,0.14644121808077995,0.09451978354167002,0.051921434539110134,-0.3584731550963769
Mexico,Apparel & Textiles,87,1,0,157214378.33333334,106218.66666666667,0,6.75629467181792e-4,0,0.1403388775560671,0.24639335488499356,-0.10605447732892591,-0.16017221297639503
Mexico,Autos & Auto Parts,114,5,0,9301632502.166666,227564416,0,0.02446499750952239,0,0.03951104533792584,0.22312654167909682,-0.18361549634117075,-0.03443290155527821
Mexico,Chemicals & Plastics,63,3,0,210428359.5,7395040.333333334,0,0.03514279325707206,0,0.17736510537527211,-0.20406974505426312,0.3814348504295345,-0.06281979980491761
Mexico,Electronics & Machinery,517,22,0,5139541782.833333,81282136.33333333,0,0.015815055070633945,0,0.1561723399443427,0.10700279230254313,0.049169547641799954,0.17184671858914552
Mexico,Energy & Minerals,9,0,0,682886586.1666666,0,0,0,0,-0.16227874025680408,-0.06867331674926137,-0.09360542350754013,-0.08733478721869678
Mexico,Food & Agriculture,19,0,0,99008378.16666667,0,0,0,0,1.305241859076997,1.0782627041404853,0.22697915493650972,0.5529917027866068
Mexico,Other Manufactured,274,16,0,2798098889.8333335,65842188,0,0.023531043966756243,0,0.1557747657183724,0.15308925529850403,0.002685510419868792,0.051598743128637665
Mexico,Pharmaceuticals,15,1,0,74320408.66666666,1819563.3333333333,0,0.024482687406822926,0,0.12245675053911484,0.11338620710418931,0.009070543434926321,0.2705305984698711
Mexico,Steel & Aluminum,273,22,0,621437988.3333334,50925618,0,0.08194802853391703,0,-0.05652416707007855,0.04068496219475677,-0.09720912926483594,-0.25431832859584147
ROW,Apparel & Textiles,4825,187,42,7502644660.166667,169135844.5,55797271.833333336,0.02254349661499799,0.007437013794558921,0.2524120400676666,0.25247780857923496,-6.576851156827896e-5,-0.10278818303490264
ROW,Autos & Auto Parts,550,36,7,1117059919.3333333,99412127.83333333,3109483.8333333335,0.08899444525112223,0.002783632085903761,0.053597288095851105,0.12896197959528913,-0.07536469149943809,0.0582821520867544
ROW,Chemicals & Plastics,2615,107,38,3856443479.6666665,286123278,76818149.5,0.07419356189416555,0.019919428329503174,0.09019527957026889,0.11613628434745124,-0.025941004777182166,0.03601993761489167
ROW,Electronics & Machinery,5328,214,44,11860745540,748487411.5,23118216.166666668,0.06310627008865077,0.0019491368471485366,0.25224665961808407,0.27294431366399263,-0.02069765404590853,0.010708720608789446
ROW,Energy & Minerals,79,5,4,163677367.16666666,9002451,8936372,0.05500119629144043,0.05459748134206253,-0.06877103148956144,0.045702060218033635,-0.11447309170759469,-0.04953658266948033
ROW,Food & Agriculture,3327,162,53,7159117845.333333,295904090.6666667,38751537.666666664,0.04133247937237849,0.005412892831751168,0.12313202359213453,0.1354095337861359,-0.012277510194001412,0.03181825246635454
ROW,Other Manufactured,5554,255,80,11142387299.166666,585216536.3333334,254445995.5,0.05252164734725218,0.0228358599165755,0.3038840800553087,0.35224852800432443,-0.0483644479490157,0.05044093205307457
ROW,Pharmaceuticals,120,9,0,975459828.8333334,281596158.6666667,0,0.2886804257264602,0,-0.23101532526555515,-0.28491199619970725,0.053896670934151174,0.2679744236623245
ROW,Steel & Aluminum,1438,83,3,2062073015,173319956.5,657278.6666666667,0.08405131886176204,3.1874655353397697e-4,0.07455908574109178,0.12598774634561455,-0.05142866060452265,0.004855743971625357
S. Korea,Apparel & Textiles,154,7,0,94081112.16666667,3212956.8333333335,0,0.03415092316980174,0,0.14633563327184396,0.22146428283450287,-0.07512864956265891,0.03810006114347007
S. Korea,Autos & Auto Parts,85,7,1,3009243654.5,6300941.666666667,1199132.6666666667,0.0020938622425087736,3.984830755972495e-4,-0.17098467261834302,-0.10373899758083126,-0.06724567503751083,-0.002427026074603509
S. Korea,Chemicals & Plastics,351,20,11,880610432.5,24944718,17308431,0.02832662103398372,0.019655037416332222,0.19411830175857042,0.1908893418451579,0.003228959913412387,0.010273731493824136
S. Korea,Electronics & Machinery,739,35,3,2202547642,142452807.16666666,5068027.833333334,0.06467637950265352,0.002300984431252241,0.10138870975943846,0.27355725951334875,-0.17216854975391027,-0.06983259082173215
S. Korea,Energy & Minerals,5,0,0,3961633.3333333335,0,0,0,0,0.3254116291644383,0.2847099567410263,0.04070167242341269,-0.003974718247669934
S. Korea,Food & Agriculture,112,9,3,158520035,2760922.6666666665,1130573.6666666667,0.01741686889399606,0.007132055368689937,0.1903663771859689,0.15749896245982167,0.03286741472614736,0.09111983865648184
S. Korea,Other Manufactured,432,17,2,518058772.5,29396089,2037020.3333333333,0.05674276850509273,0.0039320255566820525,0.08264625541784132,0.09734089271140231,-0.014694637293561102,-0.080354425856232
S. Korea,Pharmaceuticals,7,0,0,8873653.666666666,0,0,0,0,-0.032422306187647014,0.5483628262902651,-0.5807851324779124,0.5840756258440798
S. Korea,Steel & Aluminum,243,15,0,356620574,20727110.833333332,0,0.058120905927691466,0,-0.1307803479481515,-0.03877568189182775,-0.09200466605632358,-0.04467114448159267
UK,Apparel & Textiles,84,2,0,28653523.5,834613,0,0.029127761547371303,0,0.138468277397112,0.18888153776555136,-0.050413260368439565,0.12413833366552393
UK,Autos & Auto Parts,75,2,0,667602041.5,4204434.666666667,0,0.006297815772432246,0,-0.2966289656458802,-0.3165229384957969,0.019893972849915696,-0.11197404139035282
UK,Chemicals & Plastics,265,11,4,281904895.5,11924607.333333334,6600057.666666666,0.042300107318758266,0.02341235562781018,0.11398915994630433,0.14887317887199367,-0.03488401892568944,-0.10057635102299509
UK,Electronics & Machinery,703,35,2,1214323866.3333333,192575052.3333333,620768.6666666666,0.15858623689478837,5.112051931755947e-4,0.10309567468276551,0.27006213820843866,-0.1669664635256738,-0.1254331475632007
UK,Energy & Minerals,3,0,0,2004564.6666666665,0,0,0,0,0.44760593395302195,-0.22181926305830346,0.6694251970113261,-0.19154838039119393
UK,Food & Agriculture,104,9,4,167132149.16666666,54035457.666666664,5055125.333333334,0.3233097757438738,0.03024627732329516,0.1197331526902365,0.3486064435063182,-0.2288732908160814,0.009951967437536059
UK,Other Manufactured,525,27,2,734838680.3333334,41117368.333333336,2986515.3333333335,0.05595427871962579,0.004064178183949989,0.06975588046336703,0.14800648500545827,-0.07825060454209111,-0.09446382226216361
UK,Pharmaceuticals,15,0,0,223074002.33333334,0,0,0,0,0.39551123365744595,0.5761054050457987,-0.18059417138835465,0.576675265273562
UK,Steel & Aluminum,117,8,0,81393712,21081141,0,0.25900208360075777,0,-0.18962068150311703,-0.14372717105623023,-0.04589351044688717,0.012445554225934167
